Timestamp,dB
2024-11-14T09:30:36.061006,43.34634669496352
2024-11-14T09:30:46.087621,46.27734440738307
2024-11-14T09:30:56.121661,42.14419939295737
2024-11-14T09:31:06.159605,53.236253710745224
2024-11-14T09:31:16.558521,47.567958018962756
2024-11-14T09:31:26.592689,47.712125471966246
2024-11-14T09:31:46.915670,46.92705948901277
2024-11-14T09:31:56.949252,42.67077816740435
2024-11-14T09:32:06.975638,48.62727528317975
2024-11-14T09:32:17.007679,36.90196080028514
2024-11-14T09:32:27.030112,47.04365036222725
2024-11-14T09:32:37.064501,30.881360887005513
2024-11-14T09:32:47.090930,44.95946532723613
2024-11-14T09:33:17.182439,42.07607441911914
2024-11-14T09:33:27.206007,40.0
2024-11-14T09:33:37.275631,37.025166974381506
2024-11-14T09:33:47.305531,49.15763793467985
2024-11-14T09:33:57.339767,35.56302500767287
2024-11-14T09:34:17.412861,41.213956807072236
2024-11-14T09:34:27.838741,40.98436045340363
2024-11-14T09:34:38.049390,44.55773409227347
2024-11-14T09:34:48.142599,47.234556720351854
2024-11-14T09:34:59.299050,45.620667344954555
2024-11-14T09:35:09.332874,35.56302500767287
2024-11-14T09:35:19.360449,46.020599913279625
2024-11-14T09:35:30.429314,41.437640146122504
2024-11-14T09:35:40.464638,40.98436045340363
2024-11-14T09:35:50.507007,29.827233876685455
2024-11-14T09:36:00.543291,40.506117305295405
2024-11-14T09:36:10.667550,23.521825181113623
2024-11-14T09:36:20.699954,46.68907502301862
2024-11-14T09:36:30.728335,30.370278797557752
2024-11-14T09:36:40.756010,34.807253789884875
2024-11-14T09:36:50.789724,31.595671932336202
2024-11-14T09:37:00.851640,51.07766053287749
2024-11-14T09:37:10.894677,34.807253789884875
2024-11-14T09:37:20.924511,49.600138859143016
2024-11-14T09:37:31.770434,45.29635646019073
2024-11-14T09:37:42.932258,41.583624920952495
2024-11-14T09:37:52.963563,38.79038505237237
2024-11-14T09:38:03.046990,42.606675369900124
2024-11-14T09:38:16.094516,38.06179973983887
2024-11-14T09:38:26.140512,37.266457202409114
2024-11-14T09:38:36.178186,43.28705711568874
2024-11-14T09:38:46.211580,48.232394119264605
2024-11-14T09:38:59.235753,54.41971488307478
2024-11-14T09:39:01.586493,19.084850188786497
2024-11-14T09:39:11.616752,12.04119982655925
2024-11-14T09:39:21.657386,59.806777095752025
2024-11-14T09:39:31.690265,55.97301290890538
2024-11-14T09:39:41.717607,30.370278797557752
2024-11-14T09:39:51.759214,36.650178254124725
2024-11-14T09:40:01.787711,26.020599913279625
2024-11-14T09:40:11.818193,47.60422483423212
2024-11-14T09:40:21.846884,16.901960800285135
2024-11-14T09:40:31.872991,43.57953894586339
2024-11-14T09:40:41.897658,47.95880017344075
2024-11-14T09:40:51.922123,41.72719661349497
2024-11-14T09:41:01.968257,37.384634394619525
2024-11-14T09:41:12.327584,38.381561847521475
2024-11-14T09:41:22.386738,44.659922207843074
2024-11-14T09:41:32.419869,49.799169588496696
2024-11-14T09:41:42.444998,18.06179973983887
2024-11-14T09:41:52.478203,35.84783378996508
2024-11-14T09:42:02.503843,30.629578340845104
2024-11-14T09:42:12.538717,44.454329422951666
2024-11-14T09:42:22.577216,43.46372536824548
2024-11-14T09:42:32.600444,16.901960800285135
2024-11-14T09:42:42.627506,49.7144285296316
2024-11-14T09:42:52.658835,38.06179973983887
2024-11-14T09:43:02.691048,45.483156985273595
2024-11-14T09:43:14.652193,43.34634669496352
2024-11-14T09:43:24.832315,32.46498580795801
2024-11-14T09:43:34.858977,43.34634669496352
2024-11-14T09:43:44.895871,27.95880017344075
2024-11-14T09:43:54.928385,37.266457202409114
2024-11-14T09:44:04.958002,39.46255707199397
2024-11-14T09:44:15.017709,40.74852995881247
2024-11-14T09:44:25.048950,38.98780013289826
2024-11-14T09:44:35.077863,49.799169588496696
2024-11-14T09:44:45.101255,38.98780013289826
2024-11-14T09:44:55.135716,41.938200260161125
2024-11-14T09:45:05.211111,37.72981450344964
2024-11-14T09:45:15.245764,40.8278537031645
2024-11-14T09:45:25.284767,55.056328623765424
2024-11-14T09:45:35.314413,54.83878155458398
2024-11-14T09:45:45.344520,38.48558572123763
2024-11-14T11:35:56.498251,47.88903361652433
2024-11-14T11:36:06.559230,52.56777860100623
2024-11-14T11:43:39.170896,36.12359947967774
2024-11-14T11:43:49.230187,46.063921148409776
2024-11-14T11:44:17.196985,33.624824747511745
2024-11-14T11:44:20.010713,45.29635646019073
2024-11-14T11:44:27.241447,37.266457202409114
2024-11-14T11:44:37.428245,40.8278537031645
2024-11-14T11:44:47.666375,36.90196080028514
2024-11-14T11:44:57.905021,16.901960800285135
2024-11-14T11:45:08.348835,38.98780013289826
2024-11-14T11:46:08.213604,44.19030029085262
2024-11-14T11:46:18.452845,35.84783378996508
2024-11-14T11:46:28.836157,42.14419939295737
2024-11-14T11:46:38.898183,46.60827546698381
2024-11-14T11:47:09.262066,28.943160626844385
2024-11-14T11:47:19.742113,53.16022793314225
2024-11-14T11:47:30.635014,59.55447210577695
2024-11-14T11:47:40.850727,34.96376054012401
2024-11-14T11:47:51.281074,47.853939065193316
2024-11-14T11:48:01.360188,26.444385894678387
2024-11-14T11:48:58.593287,44.19030029085262
2024-11-14T11:49:08.647076,38.169700377572994
2024-11-14T11:49:18.709163,41.868433703244705
2024-11-14T11:49:28.756834,47.64034085149737
2024-11-14T11:49:38.812269,35.986810989071635
2024-11-14T11:49:48.857027,39.3696589710787
2024-11-14T11:49:58.936562,49.742767509543725
2024-11-14T11:50:33.679017,37.146649928625365
2024-11-14T11:50:43.960191,42.606675369900124
2024-11-14T11:50:54.592317,36.52149605401653
2024-11-14T11:51:04.739089,50.7311688514306
2024-11-14T11:51:14.976641,19.084850188786497
2024-11-14T11:51:25.207851,16.901960800285135
2024-11-14T11:51:35.438403,37.146649928625365
2024-11-14T12:08:51.906855,50.13010064809744
2024-11-14T12:09:02.092875,44.02794248640903
2024-11-14T12:09:12.326866,44.34967888427813
2024-11-14T12:10:27.585510,26.848453616444125
2024-11-14T12:10:37.639339,35.70659670021534
2024-11-14T12:10:47.668670,44.71056893815098
2024-11-14T12:10:57.726261,44.659922207843074
2024-11-14T12:11:07.928397,44.19030029085262
2024-11-14T12:11:17.995835,36.52149605401653
2024-11-14T12:11:28.093730,40.8278537031645
2024-11-14T12:11:38.147287,35.70659670021534
2024-11-14T12:11:48.183617,48.78665387660526
2024-11-14T12:11:58.229826,44.71056893815098
2024-11-14T12:12:08.274920,42.21179420598498
2024-11-14T12:12:18.318608,53.856938385544595
2024-11-14T12:12:28.507632,41.72719661349497
2024-11-14T12:12:36.842284,39.55447210577695
2024-11-14T12:12:47.044468,23.521825181113623
2024-11-14T12:12:57.105423,27.234556720351858
2024-11-14T12:13:07.134528,35.56302500767287
2024-11-14T12:45:19.223298,36.650178254124725
2024-11-14T12:45:29.355913,41.938200260161125
2024-11-14T12:45:39.535238,15.563025007672874
2024-11-14T12:45:49.617223,37.266457202409114
2024-11-14T12:46:22.903924,35.268559871258745
2024-11-14T12:48:50.785310,59.00729708752246
2024-11-14T12:49:00.872560,19.084850188786497
2024-11-14T12:49:10.940469,64.61408627225138
2024-11-14T12:49:21.045308,63.492823853208975
2024-11-14T12:49:31.090197,38.68996902487135
2024-11-14T12:49:41.127637,16.901960800285135
2024-11-14T12:49:51.191836,56.258267132857114
2024-11-14T12:50:01.444365,55.889760933183396
2024-11-14T12:50:12.083164,15.563025007672874
2024-11-14T12:50:23.669789,56.62459387734127
2024-11-14T12:50:34.024142,19.084850188786497
2024-11-14T12:50:44.063091,57.46641203630797
2024-11-14T12:50:54.105118,63.0518815585494
2024-11-14T12:51:04.158098,45.43683213072998
2024-11-14T12:51:14.231133,42.07607441911914
2024-11-14T12:51:24.279344,57.09826044615711
2024-11-14T12:51:34.548658,52.588191982054376
2024-11-14T12:51:44.587517,20.0
2024-11-14T12:51:54.821942,18.06179973983887
2024-11-14T12:52:05.015810,59.69054626687585
2024-11-14T12:52:15.531145,57.74108756101914
2024-11-14T12:52:25.584162,34.15140352195873
2024-11-14T12:52:35.632692,58.6291574137801
2024-11-14T12:52:45.679841,16.901960800285135
2024-11-14T12:52:55.784228,16.901960800285135
2024-11-14T12:53:05.819371,30.629578340845104
2024-11-14T12:53:15.863095,16.901960800285135
2024-11-14T12:53:26.176704,59.104130750838834
2024-11-14T12:53:36.576160,53.06425027550688
2024-11-14T12:53:47.011825,19.084850188786497
2024-11-14T12:53:57.874297,33.624824747511745
2024-11-14T12:54:07.943170,24.608978427565482
2024-11-14T12:54:18.001293,16.901960800285135
2024-11-14T12:54:28.033539,53.16022793314225
2024-11-14T12:54:38.083346,36.12359947967774
2024-11-14T12:54:48.154436,56.68841407363065
2024-11-14T12:54:58.196092,36.90196080028514
2024-11-14T12:55:08.282789,61.68437373478477
2024-11-14T12:55:18.328833,35.417040232842886
2024-11-14T12:55:28.522921,15.563025007672874
2024-11-14T12:55:38.568023,45.52923608346488
2024-11-14T12:55:48.612001,19.084850188786497
2024-11-14T12:55:59.017141,53.08353083755921
2024-11-14T12:56:09.271582,48.94316062684439
2024-11-14T12:56:19.327396,56.926742242596106
2024-11-14T12:56:29.358839,54.18539921951661
2024-11-14T12:56:39.405298,37.146649928625365
2024-11-14T12:56:49.442799,57.242627586260745
2024-11-14T12:56:59.484271,35.84783378996508
2024-11-14T12:57:09.520701,15.563025007672874
2024-11-14T12:57:19.567621,15.563025007672874
2024-11-14T12:57:31.074275,37.266457202409114
2024-11-14T12:57:41.233736,38.169700377572994
2024-11-14T12:57:51.374624,37.025166974381506
2024-11-14T12:58:01.667666,44.08239965311849
2024-11-14T12:58:11.739631,51.00456706110188
2024-11-14T12:58:21.778677,22.92256071356476
2024-11-14T12:58:32.048800,37.146649928625365
2024-11-14T12:58:42.255267,16.901960800285135
2024-11-14T12:58:52.536060,47.309759697817995
2024-11-14T12:59:05.563822,46.96609726096321
2024-11-14T12:59:15.601635,42.07607441911914
2024-11-14T12:59:25.678533,40.8278537031645
2024-11-14T12:59:35.817863,46.64876919831211
2024-11-14T12:59:46.055114,41.28915978453837
2024-11-14T12:59:56.301150,46.063921148409776
2024-11-14T13:00:06.350796,38.88965344300337
2024-11-14T13:00:16.430513,42.860296005081906
2024-11-14T13:00:26.516145,38.48558572123763
2024-11-14T13:00:36.864546,12.04119982655925
2024-11-14T13:00:47.098335,45.483156985273595
2024-11-14T13:00:57.326005,16.901960800285135
2024-11-14T13:01:07.369834,35.11749711344983
2024-11-14T13:01:17.602237,41.583624920952495
2024-11-14T13:01:27.841355,30.370278797557752
2024-11-14T13:01:38.790515,44.08239965311849
2024-11-14T13:01:49.141671,39.824521513849895
2024-11-14T13:01:59.382066,27.95880017344075
2024-11-14T13:02:09.626866,38.58837851428586
2024-11-14T13:02:19.862762,42.79758172802473
2024-11-14T13:02:30.099613,41.72719661349497
2024-11-14T13:02:40.342154,24.608978427565482
2024-11-14T13:02:50.482171,42.14419939295737
2024-11-14T13:03:00.725777,39.3696589710787
2024-11-14T13:03:10.780207,42.14419939295737
2024-11-14T13:03:21.012425,42.73441134312814
2024-11-14T13:03:31.241857,41.79810222878796
2024-11-14T13:03:41.470507,45.390258884358325
2024-11-14T13:03:51.713874,24.082399653118497
2024-11-14T13:04:01.981942,42.542095967296156
2024-11-14T13:04:12.200043,41.06156886966839
2024-11-14T13:04:22.251362,36.650178254124725
2024-11-14T13:04:32.293233,38.98780013289826
2024-11-14T13:04:42.349255,43.52182518111363
2024-11-14T13:04:52.401758,38.381561847521475
2024-11-14T13:05:02.481569,40.74852995881247
2024-11-14T13:05:12.724435,16.901960800285135
2024-11-14T13:05:22.764688,43.75041441672926
2024-11-14T13:05:32.993149,40.8278537031645
2024-11-14T13:05:43.229602,13.979400086720375
2024-11-14T13:05:53.277760,30.881360887005513
2024-11-14T13:06:03.505373,43.34634669496352
2024-11-14T13:06:13.745001,25.575072019056577
2024-11-14T13:06:23.784306,20.0
2024-11-14T13:06:33.821763,22.92256071356476
2024-11-14T13:06:43.854075,27.95880017344075
2024-11-14T13:06:53.892024,35.70659670021534
2024-11-14T13:07:04.125674,43.57953894586339
2024-11-14T13:07:14.165366,20.0
2024-11-14T13:07:24.414456,30.881360887005513
2024-11-14T13:07:34.645757,43.75041441672926
2024-11-14T13:07:44.693040,44.86076097372589
2024-11-14T13:07:54.723053,41.72719661349497
2024-11-14T13:08:04.951841,36.90196080028514
2024-11-14T13:08:14.995527,15.563025007672874
2024-11-14T13:08:25.037228,44.454329422951666
2024-11-14T13:08:35.262812,45.343434568060275
2024-11-14T13:08:45.304485,45.620667344954555
2024-11-14T13:08:55.544369,38.68996902487135
2024-11-14T13:09:05.784234,44.13651752063699
2024-11-14T13:09:15.938240,31.3640344813399
2024-11-14T13:09:27.085221,44.76092206257591
2024-11-14T13:09:37.119163,31.595671932336202
2024-11-14T13:09:47.360656,27.234556720351858
2024-11-14T13:09:57.599819,46.19260334851798
2024-11-14T13:10:07.640076,44.71056893815098
2024-11-14T13:10:17.878056,45.66602457407099
2024-11-14T13:10:28.114818,38.98780013289826
2024-11-14T13:10:38.153542,30.370278797557752
2024-11-14T13:10:48.387675,35.268559871258745
2024-11-14T13:10:58.627500,15.563025007672874
2024-11-14T13:11:08.666055,13.979400086720375
2024-11-14T13:11:18.900636,35.56302500767287
2024-11-14T13:11:28.941275,45.10545010206612
2024-11-14T13:11:38.986263,25.575072019056577
2024-11-14T13:11:49.218984,44.608978427565475
2024-11-14T13:11:59.248977,38.381561847521475
2024-11-14T13:12:09.284501,40.74852995881247
2024-11-14T13:12:19.523530,42.14419939295737
2024-11-14T13:12:32.810640,42.07607441911914
2024-11-14T13:12:42.854707,40.17200343523835
2024-11-14T13:12:52.900027,42.606675369900124
2024-11-14T13:13:03.128754,32.46498580795801
2024-11-14T13:13:16.144138,39.824521513849895
2024-11-14T13:13:26.174279,15.563025007672874
2024-11-14T13:13:36.409874,35.11749711344983
2024-11-14T13:13:46.462587,42.79758172802473
2024-11-14T13:13:56.685709,41.437640146122504
2024-11-14T13:14:06.723072,16.901960800285135
2024-11-14T13:14:16.962162,34.96376054012401
2024-11-14T13:14:27.199755,41.72719661349497
2024-11-14T13:14:37.471424,38.88965344300337
2024-11-14T13:14:47.520164,43.28705711568874
2024-11-14T13:14:57.753662,40.0
2024-11-14T13:15:07.960503,40.0
2024-11-14T13:15:18.379154,40.74852995881247
2024-11-14T13:15:28.440057,43.46372536824548
2024-11-14T13:15:38.497121,30.881360887005513
2024-11-14T13:15:48.533270,40.74852995881247
2024-11-14T13:15:58.779350,44.71056893815098
2024-11-14T13:16:09.017686,25.105450102066122
2024-11-14T13:16:19.066275,19.084850188786497
2024-11-14T13:16:29.099494,41.72719661349497
2024-11-14T13:16:39.353412,26.848453616444125
2024-11-14T13:16:49.402633,44.243752088079155
2024-11-14T13:16:59.436424,43.57953894586339
2024-11-14T13:17:09.667676,40.98436045340363
2024-11-14T13:17:19.696336,44.608978427565475
2024-11-14T13:17:29.929284,42.606675369900124
2024-11-14T13:17:40.861768,46.769129872092094
2024-11-14T13:17:50.897417,29.827233876685455
2024-11-14T13:18:01.135722,20.0
2024-11-14T13:18:11.391620,31.595671932336202
2024-11-14T13:18:21.429519,41.868433703244705
2024-11-14T13:18:31.649680,41.72719661349497
2024-11-14T13:18:41.897557,29.827233876685455
2024-11-14T13:18:51.943551,42.07607441911914
2024-11-14T13:19:02.130524,40.0
2024-11-14T13:19:12.387524,45.84512142712952
2024-11-14T13:19:22.422710,43.80663396340583
2024-11-14T13:19:33.303539,42.411478624116995
2024-11-14T13:19:43.375439,32.66936911159173
2024-11-14T13:19:53.420663,43.57953894586339
2024-11-14T13:20:03.621818,41.79810222878796
2024-11-14T13:20:13.854949,20.0
2024-11-14T13:20:24.093267,16.901960800285135
2024-11-14T13:20:34.374601,33.979400086720375
2024-11-14T13:20:44.598232,43.16724984190499
2024-11-14T13:20:54.677238,43.75041441672926
2024-11-14T13:21:04.746080,40.17200343523835
2024-11-14T13:21:14.984831,30.10299956639812
2024-11-14T13:21:25.027455,45.52923608346488
2024-11-14T13:21:35.080041,44.4021617608011
2024-11-14T13:21:45.329959,38.68996902487135
2024-11-14T13:21:55.535645,38.06179973983887
2024-11-14T13:22:05.787099,20.0
2024-11-14T13:22:16.015913,45.343434568060275
2024-11-14T13:22:26.080027,41.138097026729454
2024-11-14T13:22:36.289850,39.275756546911104
2024-11-14T13:22:46.333316,42.14419939295737
2024-11-14T13:22:56.564563,18.06179973983887
2024-11-14T13:23:06.803662,15.563025007672874
2024-11-14T13:23:17.070505,36.90196080028514
2024-11-14T13:23:27.105357,41.583624920952495
2024-11-14T13:23:37.143295,41.868433703244705
2024-11-14T13:23:50.317548,44.02794248640903
2024-11-14T13:24:00.562644,32.86905352972375
2024-11-14T13:24:10.801498,23.521825181113623
2024-11-14T13:24:21.044564,30.881360887005513
2024-11-14T13:24:31.283770,20.0
2024-11-14T13:24:41.318872,32.25567713439471
2024-11-14T13:24:51.664130,37.266457202409114
2024-11-14T13:25:01.718090,37.384634394619525
2024-11-14T13:25:11.977363,39.275756546911104
2024-11-14T13:25:22.181653,43.63687175889545
2024-11-14T13:25:32.415314,38.06179973983887
2024-11-14T13:25:42.556607,38.58837851428586
2024-11-14T13:25:52.793153,45.00840004617788
2024-11-14T13:26:02.857029,37.384634394619525
2024-11-14T13:26:12.917739,41.213956807072236
2024-11-14T13:26:23.148932,45.483156985273595
2024-11-14T13:26:33.390285,39.824521513849895
2024-11-14T13:26:43.464303,12.04119982655925
2024-11-14T13:26:53.670373,39.912703891951
2024-11-14T13:27:03.904280,35.56302500767287
2024-11-14T13:27:13.947953,16.901960800285135
2024-11-14T13:27:24.178129,32.46498580795801
2024-11-14T13:27:34.536030,41.51093922785061
2024-11-14T13:27:44.575420,41.213956807072236
2024-11-14T13:27:54.657149,38.381561847521475
2024-11-14T13:28:04.832099,45.93330380523062
2024-11-14T13:28:15.078617,25.575072019056577
2024-11-14T13:28:25.311137,45.84512142712952
2024-11-14T13:28:35.566201,41.938200260161125
2024-11-14T13:28:45.791985,42.67077816740435
2024-11-14T13:28:56.234860,15.563025007672874
2024-11-14T13:29:06.271700,41.868433703244705
2024-11-14T13:29:16.510015,26.020599913279625
2024-11-14T13:29:26.547118,37.72981450344964
2024-11-14T13:29:36.680047,42.92256071356476
2024-11-14T13:29:46.740700,36.650178254124725
2024-11-14T13:29:57.007240,44.76092206257591
2024-11-14T13:30:07.036103,41.938200260161125
2024-11-14T13:30:17.233125,39.64542466079137
2024-11-14T13:30:27.473390,24.608978427565482
2024-11-14T13:30:37.684261,49.6288525700461
2024-11-14T13:30:47.860012,42.07607441911914
2024-11-14T13:30:58.144112,20.0
2024-11-14T13:31:08.446935,41.437640146122504
2024-11-14T13:31:18.682788,44.29687696095396
2024-11-14T13:31:28.930895,41.938200260161125
2024-11-14T13:31:39.168940,39.7354346853249
2024-11-14T13:31:49.406591,42.92256071356476
2024-11-14T13:31:59.652265,22.92256071356476
2024-11-14T13:32:10.092928,42.14419939295737
2024-11-14T13:32:20.337108,36.650178254124725
2024-11-14T13:32:30.575663,41.36371723492323
2024-11-14T13:32:40.810562,13.979400086720375
2024-11-14T13:32:51.048166,29.827233876685455
2024-11-14T13:33:01.288917,30.370278797557752
2024-11-14T13:33:11.529481,42.606675369900124
2024-11-14T13:33:21.824634,22.92256071356476
2024-11-14T13:33:31.897448,38.79038505237237
2024-11-14T13:33:42.053892,44.91025335628299
2024-11-14T13:33:52.091908,41.79810222878796
2024-11-14T13:34:02.116747,29.24795995797912
2024-11-14T13:34:12.154556,22.92256071356476
2024-11-14T13:34:22.196073,32.04119982655925
2024-11-14T13:34:32.716682,41.583624920952495
2024-11-14T13:34:42.771080,38.68996902487135
2024-11-14T13:34:53.012813,32.86905352972375
2024-11-14T13:35:03.080304,40.17200343523835
2024-11-14T13:35:13.116890,40.74852995881247
2024-11-14T13:35:23.329115,38.68996902487135
2024-11-14T13:35:33.379061,45.00840004617788
2024-11-14T13:35:43.416597,43.34634669496352
2024-11-14T13:35:53.631560,38.169700377572994
2024-11-14T13:36:03.873092,27.234556720351858
2024-11-14T13:36:13.922084,36.650178254124725
2024-11-14T13:36:23.949573,40.8278537031645
2024-11-14T13:36:34.231931,42.14419939295737
2024-11-14T13:36:44.266543,37.146649928625365
2024-11-14T13:36:54.462799,40.74852995881247
2024-11-14T13:37:05.004998,37.61627184561583
2024-11-14T13:37:15.042956,25.575072019056577
2024-11-14T13:37:25.280901,31.126050015345744
2024-11-14T13:37:35.520069,15.563025007672874
2024-11-14T13:37:45.554334,39.912703891951
2024-11-14T13:37:55.610351,43.227360044699495
2024-11-14T13:38:05.842815,41.213956807072236
2024-11-14T13:38:15.870921,29.827233876685455
2024-11-14T13:38:25.907099,35.84783378996508
2024-11-14T13:38:36.141946,46.14992075826426
2024-11-14T13:38:46.177865,31.821292140529984
2024-11-14T13:38:56.420634,39.824521513849895
2024-11-14T13:39:06.658169,39.46255707199397
2024-11-14T13:39:16.694970,35.417040232842886
2024-11-14T13:39:26.931087,35.56302500767287
2024-11-14T13:39:37.483483,37.384634394619525
2024-11-14T13:39:47.517433,48.94316062684439
2024-11-14T13:39:57.757246,13.979400086720375
2024-11-14T13:40:08.039065,15.563025007672874
2024-11-14T13:40:18.078982,35.56302500767287
2024-11-14T13:40:28.271655,50.7311688514306
2024-11-14T13:40:38.324930,43.57953894586339
2024-11-14T13:40:48.374618,15.563025007672874
2024-11-14T13:40:58.587278,16.901960800285135
2024-11-14T13:41:08.712367,19.084850188786497
2024-11-14T13:41:18.773180,15.563025007672874
2024-11-14T13:41:28.800487,44.34967888427813
2024-11-14T13:41:39.048178,59.744384598160096
2024-11-14T13:41:49.878660,49.742767509543725
2024-11-14T13:41:59.922190,19.084850188786497
2024-11-14T13:42:09.958046,37.501225267834
2024-11-14T13:42:20.196615,39.46255707199397
2024-11-14T13:42:30.774653,20.0
2024-11-14T13:42:40.987976,59.94772768794627
2024-11-14T13:42:51.025638,20.0
2024-11-14T13:43:01.570806,15.563025007672874
2024-11-14T13:43:11.837093,36.90196080028514
2024-11-14T13:43:22.251209,29.54242509439325
2024-11-14T13:43:32.284452,38.58837851428586
2024-11-14T13:43:42.529441,43.34634669496352
2024-11-14T13:43:52.593381,15.563025007672874
2024-11-14T13:44:02.948170,50.39655987551438
2024-11-14T13:44:13.248924,35.11749711344983
2024-11-14T13:44:23.295241,31.595671932336202
2024-11-14T13:44:33.438373,30.10299956639812
2024-11-14T13:44:43.660231,48.1308036086791
2024-11-14T13:44:53.912068,41.138097026729454
2024-11-14T13:45:04.119870,31.3640344813399
2024-11-14T13:45:14.388567,33.441957158714345
2024-11-14T13:45:24.620904,32.66936911159173
2024-11-14T13:45:34.660468,46.96609726096321
2024-11-14T13:45:44.997140,52.90844538698184
2024-11-14T13:45:55.056969,42.606675369900124
2024-11-14T13:46:05.127893,15.563025007672874
2024-11-14T13:46:15.212646,34.96376054012401
2024-11-14T13:46:25.252191,29.827233876685455
2024-11-14T13:46:35.487883,15.563025007672874
2024-11-14T13:46:45.728514,20.0
2024-11-14T13:46:55.804195,34.15140352195873
2024-11-14T13:47:05.997861,47.60422483423212
2024-11-14T13:47:16.236852,16.901960800285135
2024-11-14T13:47:26.280498,19.084850188786497
2024-11-14T13:47:36.345505,52.297944320662694
2024-11-14T13:47:46.546156,36.90196080028514
2024-11-14T13:47:56.789786,47.99347442962076
2024-11-14T13:48:07.025626,38.88965344300337
2024-11-14T13:48:17.259204,50.422761674080725
2024-11-14T13:48:27.287326,35.417040232842886
2024-11-14T13:48:37.312212,15.563025007672874
2024-11-14T13:48:47.377426,15.563025007672874
2024-11-14T13:48:57.416871,16.901960800285135
2024-11-14T13:49:07.460050,16.901960800285135
2024-11-14T13:49:17.495233,34.96376054012401
2024-11-14T13:49:27.828560,44.76092206257591
2024-11-14T13:49:37.857586,57.65049075909761
2024-11-14T13:49:47.958472,47.15869694000907
2024-11-14T13:49:58.060595,46.19260334851798
2024-11-14T13:50:08.110831,27.234556720351858
2024-11-14T13:50:18.159524,19.084850188786497
2024-11-14T13:50:28.196699,18.06179973983887
2024-11-14T13:50:38.232726,16.901960800285135
2024-11-14T13:50:48.273713,12.04119982655925
2024-11-14T13:50:58.351386,26.848453616444125
2024-11-14T13:51:08.483712,15.563025007672874
2024-11-14T13:51:18.532174,15.563025007672874
2024-11-14T13:51:28.571322,15.563025007672874
2024-11-14T13:51:38.669494,56.637395485610035
2024-11-14T13:51:48.706503,16.901960800285135
2024-11-14T13:51:58.741627,15.563025007672874
2024-11-14T13:52:08.775837,27.234556720351858
2024-11-14T13:52:18.811372,37.025166974381506
2024-11-14T13:52:28.844872,45.483156985273595
2024-11-14T13:52:38.874515,15.563025007672874
2024-11-14T13:52:48.896320,45.343434568060275
2024-11-14T13:52:58.925176,37.266457202409114
2024-11-14T13:53:09.019362,18.06179973983887
2024-11-14T13:53:19.201613,19.084850188786497
2024-11-14T13:53:29.279242,47.88903361652433
2024-11-14T13:53:39.351840,42.21179420598498
2024-11-14T13:53:49.560718,37.384634394619525
2024-11-14T13:53:59.797054,45.390258884358325
2024-11-14T13:54:10.060169,39.3696589710787
2024-11-14T13:54:20.477600,38.98780013289826
2024-11-14T13:54:30.719479,48.1308036086791
2024-11-14T13:54:40.785361,47.567958018962756
2024-11-14T13:54:50.817306,33.624824747511745
2024-11-14T13:55:01.059487,44.86076097372589
2024-11-14T13:55:11.297306,27.234556720351858
2024-11-14T13:55:21.335861,18.06179973983887
2024-11-14T13:55:31.596111,38.381561847521475
2024-11-14T13:55:41.813078,41.28915978453837
2024-11-14T13:55:51.847618,15.563025007672874
2024-11-14T13:56:02.087832,32.25567713439471
2024-11-14T13:56:12.326058,15.563025007672874
2024-11-14T13:56:22.362132,15.563025007672874
2024-11-14T13:56:33.495342,41.51093922785061
2024-11-14T13:56:43.558033,41.28915978453837
2024-11-14T13:56:53.590452,39.824521513849895
2024-11-14T13:57:03.803554,42.21179420598498
2024-11-14T13:57:13.846977,25.575072019056577
2024-11-14T13:57:23.971394,20.0
2024-11-14T13:57:34.004660,29.54242509439325
2024-11-14T13:57:44.096747,16.901960800285135
2024-11-14T13:57:54.141471,41.138097026729454
2024-11-14T13:58:04.221421,39.64542466079137
2024-11-14T13:58:14.256611,19.084850188786497
2024-11-14T13:58:24.493945,35.11749711344983
2024-11-14T13:58:34.729930,30.370278797557752
2024-11-14T13:58:44.768910,22.92256071356476
2024-11-14T13:58:55.058990,25.105450102066122
2024-11-14T13:59:05.250942,41.138097026729454
2024-11-14T13:59:15.326325,24.082399653118497
2024-11-14T13:59:25.562589,40.74852995881247
2024-11-14T13:59:35.778218,46.60827546698381
2024-11-14T13:59:46.288485,42.606675369900124
2024-11-14T13:59:56.325793,43.75041441672926
2024-11-14T14:00:06.370755,40.8278537031645
2024-11-14T14:00:16.404133,38.58837851428586
2024-11-14T14:00:26.622091,40.74852995881247
2024-11-14T14:00:36.863970,20.0
2024-11-14T14:00:47.101825,23.521825181113623
2024-11-14T14:00:57.385474,37.266457202409114
2024-11-14T14:01:07.578625,40.256744494103444
2024-11-14T14:01:17.618557,42.860296005081906
2024-11-14T14:01:27.875197,45.390258884358325
2024-11-14T14:01:38.135011,42.07607441911914
2024-11-14T14:01:48.341659,40.17200343523835
2024-11-14T14:01:58.578305,16.901960800285135
2024-11-14T14:02:08.607010,41.51093922785061
2024-11-14T14:02:18.835401,43.34634669496352
2024-11-14T14:02:29.082285,40.506117305295405
2024-11-14T14:02:39.350917,16.901960800285135
2024-11-14T14:02:49.561127,38.68996902487135
2024-11-14T14:02:59.820245,20.8278537031645
2024-11-14T14:03:10.066167,40.587675553704194
2024-11-14T14:03:20.283622,41.138097026729454
2024-11-14T14:03:30.530252,26.848453616444125
2024-11-14T14:03:40.768830,36.12359947967774
2024-11-14T14:03:51.001642,44.13651752063699
2024-11-14T14:04:01.254422,33.441957158714345
2024-11-14T14:04:11.484399,43.04576688766113
2024-11-14T14:04:22.319346,39.46255707199397
2024-11-14T14:04:32.357316,28.943160626844385
2024-11-14T14:04:42.596915,33.80392160057028
2024-11-14T14:04:52.833091,16.901960800285135
2024-11-14T14:05:02.878110,39.824521513849895
2024-11-14T14:05:13.114908,15.563025007672874
2024-11-14T14:05:23.140918,20.0
2024-11-14T14:05:33.258804,41.437640146122504
2024-11-14T14:05:43.336973,40.0
2024-11-14T14:05:53.609354,37.501225267834
2024-11-14T14:06:03.655887,40.8278537031645
2024-11-14T14:06:13.690955,41.213956807072236
2024-11-14T14:06:24.489158,43.63687175889545
2024-11-14T14:06:34.575192,40.086427475652854
2024-11-14T14:06:44.663150,39.46255707199397
2024-11-14T14:06:55.009376,48.5302252272915
2024-11-14T14:07:05.250301,44.608978427565475
2024-11-14T14:07:15.697312,43.34634669496352
2024-11-14T14:07:25.952349,42.606675369900124
2024-11-14T14:07:36.161503,43.16724984190499
2024-11-14T14:07:46.401510,24.608978427565482
2024-11-14T14:07:56.433928,38.48558572123763
2024-11-14T14:08:06.588497,42.345425913115285
2024-11-14T14:08:16.919057,45.889324523231856
2024-11-14T14:08:26.953639,19.084850188786497
2024-11-14T14:08:37.194994,43.57953894586339
2024-11-14T14:08:47.436253,39.912703891951
2024-11-14T14:08:57.478074,42.21179420598498
2024-11-14T14:09:07.806110,44.454329422951666
2024-11-14T14:09:17.848875,38.98780013289826
2024-11-14T14:09:27.879278,38.06179973983887
2024-11-14T14:09:38.123787,39.7354346853249
2024-11-14T14:09:48.363860,19.084850188786497
2024-11-14T14:09:58.606900,19.084850188786497
2024-11-14T14:10:08.843688,36.650178254124725
2024-11-14T14:10:19.083424,37.266457202409114
2024-11-14T14:10:29.328028,28.627275283179745
2024-11-14T14:10:39.428075,42.606675369900124
2024-11-14T14:10:49.501004,38.98780013289826
2024-11-14T14:10:59.768604,40.086427475652854
2024-11-14T14:11:09.909479,23.521825181113623
2024-11-14T14:11:20.156764,31.595671932336202
2024-11-14T14:11:30.236641,44.243752088079155
2024-11-14T14:11:40.421766,38.276277047674334
2024-11-14T14:11:50.662524,22.92256071356476
2024-11-14T14:12:00.900601,24.608978427565482
2024-11-14T14:12:11.140556,32.86905352972375
2024-11-14T14:12:21.172331,29.54242509439325
2024-11-14T14:12:31.212628,39.0848501887865
2024-11-14T14:12:41.239605,41.72719661349497
2024-11-14T14:12:51.285691,32.86905352972375
2024-11-14T14:13:01.523755,36.650178254124725
2024-11-14T14:13:11.768509,41.72719661349497
2024-11-14T14:13:22.075217,28.943160626844385
2024-11-14T14:13:32.140527,42.860296005081906
2024-11-14T14:13:42.185010,29.54242509439325
2024-11-14T14:13:52.440122,35.70659670021534
2024-11-14T14:14:02.657074,42.860296005081906
2024-11-14T14:14:12.691129,24.608978427565482
2024-11-14T14:14:22.725843,40.98436045340363
2024-11-14T14:14:32.964621,29.54242509439325
2024-11-14T14:14:43.013884,29.54242509439325
2024-11-14T14:14:53.253011,41.138097026729454
2024-11-14T14:15:03.495346,42.606675369900124
2024-11-14T14:15:13.735656,32.86905352972375
2024-11-14T14:15:23.975011,41.437640146122504
2024-11-14T14:15:34.204571,47.19670964679776
2024-11-14T14:15:45.465916,33.979400086720375
2024-11-14T14:15:55.720096,41.138097026729454
2024-11-14T14:16:05.946441,37.266457202409114
2024-11-14T14:16:15.983983,35.56302500767287
2024-11-14T14:16:26.035605,42.79758172802473
2024-11-14T14:16:36.063898,44.02794248640903
2024-11-14T14:16:46.097726,44.71056893815098
2024-11-14T14:16:56.289377,42.67077816740435
2024-11-14T14:17:06.326581,39.0848501887865
2024-11-14T14:17:19.120432,47.08216878294802
2024-11-14T14:17:29.396128,42.92256071356476
2024-11-14T14:17:39.607025,53.606710268291266
2024-11-14T14:17:49.636793,41.06156886966839
2024-11-14T14:17:59.903442,44.02794248640903
2024-11-14T14:18:10.088264,43.63687175889545
2024-11-14T14:18:20.168992,33.979400086720375
2024-11-14T14:18:30.364300,40.8278537031645
2024-11-14T14:18:40.604182,44.91025335628299
2024-11-14T14:18:50.687021,16.901960800285135
2024-11-14T14:19:00.726490,40.587675553704194
2024-11-14T14:19:10.920496,42.477032819341716
2024-11-14T14:19:21.470791,42.14419939295737
2024-11-14T14:19:31.701784,44.29687696095396
2024-11-14T14:19:43.171492,39.824521513849895
2024-11-14T14:19:53.410235,42.07607441911914
2024-11-14T14:20:03.670634,18.06179973983887
2024-11-14T14:20:13.994436,36.776981814745106
2024-11-14T14:20:24.140508,24.608978427565482
2024-11-14T14:20:34.373051,23.521825181113623
2024-11-14T14:20:44.611089,22.92256071356476
2024-11-14T14:20:54.661000,20.0
2024-11-14T14:21:04.886451,44.91025335628299
2024-11-14T14:21:15.147726,37.501225267834
2024-11-14T14:21:25.182696,44.454329422951666
2024-11-14T14:21:35.408532,41.437640146122504
2024-11-14T14:21:45.444610,44.454329422951666
2024-11-14T14:21:55.679435,16.901960800285135
2024-11-14T14:22:05.922251,30.881360887005513
2024-11-14T14:22:15.988488,15.563025007672874
2024-11-14T14:22:26.218540,45.52923608346488
2024-11-14T14:22:36.307176,42.411478624116995
2024-11-14T14:22:46.371300,45.390258884358325
2024-11-14T14:22:56.609298,19.084850188786497
2024-11-14T14:23:06.852375,25.105450102066122
2024-11-14T14:23:17.086167,35.268559871258745
2024-11-14T14:23:27.125662,25.575072019056577
2024-11-14T14:23:37.381899,44.76092206257591
2024-11-14T14:23:47.602225,41.79810222878796
2024-11-14T14:23:57.842939,27.234556720351858
2024-11-14T14:24:07.878144,30.370278797557752
2024-11-14T14:24:18.129952,33.624824747511745
2024-11-14T14:24:28.391491,37.266457202409114
2024-11-14T14:24:38.618229,27.95880017344075
2024-11-14T14:24:49.146565,44.29687696095396
2024-11-14T14:24:59.385223,37.266457202409114
2024-11-14T14:25:09.418903,38.276277047674334
2024-11-14T14:25:19.660568,39.7354346853249
2024-11-14T14:25:29.900617,32.25567713439471
2024-11-14T14:25:39.934023,34.96376054012401
2024-11-14T14:25:50.136639,38.79038505237237
2024-11-14T14:26:00.378534,44.29687696095396
2024-11-14T14:26:10.431167,19.084850188786497
2024-11-14T14:26:20.653857,44.34967888427813
2024-11-14T14:26:30.896963,38.381561847521475
2024-11-14T14:26:40.927346,15.563025007672874
2024-11-14T14:26:51.168399,15.563025007672874
2024-11-14T14:27:01.415653,16.901960800285135
2024-11-14T14:27:11.493620,40.8278537031645
2024-11-14T14:27:21.684948,39.46255707199397
2024-11-14T14:27:31.926787,26.444385894678387
2024-11-14T14:27:41.961705,16.901960800285135
2024-11-14T14:27:52.199910,32.66936911159173
2024-11-14T14:28:02.445088,18.06179973983887
2024-11-14T14:28:12.475857,16.901960800285135
2024-11-14T14:28:25.320072,39.3696589710787
2024-11-14T14:28:35.362390,38.98780013289826
2024-11-14T14:28:45.838919,59.01702917777093
2024-11-14T14:28:55.877759,24.608978427565482
2024-11-14T14:29:05.927643,40.74852995881247
2024-11-14T14:29:16.148454,42.67077816740435
2024-11-14T14:29:26.388811,38.98780013289826
2024-11-14T14:29:36.579494,40.256744494103444
2024-11-14T14:29:46.820353,16.901960800285135
2024-11-14T14:29:57.073901,16.901960800285135
2024-11-14T14:30:07.302343,38.98780013289826
2024-11-14T14:30:17.337301,15.563025007672874
2024-11-14T14:30:27.575459,30.370278797557752
2024-11-14T14:30:37.817616,39.7354346853249
2024-11-14T14:30:48.080208,29.24795995797912
2024-11-14T14:30:58.297827,37.72981450344964
2024-11-14T14:31:08.538325,31.595671932336202
2024-11-14T14:31:18.776124,35.70659670021534
2024-11-14T14:31:29.018080,33.441957158714345
2024-11-14T14:31:39.256159,48.62727528317975
2024-11-14T14:31:49.294963,27.234556720351858
2024-11-14T14:31:59.342232,15.563025007672874
2024-11-14T14:32:09.585551,45.889324523231856
2024-11-14T14:32:19.688743,44.608978427565475
2024-11-14T14:32:29.739768,38.98780013289826
2024-11-14T14:32:39.794468,22.92256071356476
2024-11-14T14:32:50.027253,39.912703891951
2024-11-14T14:33:00.255886,45.66602457407099
2024-11-14T14:33:10.290315,15.563025007672874
2024-11-14T14:33:20.529832,20.0
2024-11-14T14:33:30.770401,26.848453616444125
2024-11-14T14:33:41.006200,41.938200260161125
2024-11-14T14:33:51.046542,38.98780013289826
2024-11-14T14:34:01.281080,38.48558572123763
2024-11-14T14:34:11.527793,39.0848501887865
2024-11-14T14:34:21.766661,44.19030029085262
2024-11-14T14:34:31.806220,44.86076097372589
2024-11-14T14:34:42.036554,39.0848501887865
2024-11-14T14:34:52.276464,20.0
2024-11-14T14:35:02.355500,16.901960800285135
2024-11-14T14:35:12.784899,33.80392160057028
2024-11-14T14:35:23.005267,50.80658949581748
2024-11-14T14:35:33.062663,16.901960800285135
2024-11-14T14:35:43.375279,54.64787519645937
2024-11-14T14:35:53.759835,43.69382861635197
2024-11-14T14:36:03.984601,18.06179973983887
2024-11-14T14:36:14.231542,51.95390371851025
2024-11-14T14:36:24.334955,61.25915668169021
2024-11-14T14:36:34.391455,58.88965344300337
2024-11-14T14:36:44.815380,16.901960800285135
2024-11-14T14:36:55.054928,27.234556720351858
2024-11-14T14:37:05.087735,46.44438589467838
2024-11-14T14:37:15.329549,59.304034020518245
2024-11-14T14:37:25.372633,16.901960800285135
2024-11-14T14:37:35.605001,53.69690723288825
2024-11-14T14:37:45.636503,19.084850188786497
2024-11-14T14:37:55.664980,15.563025007672874
2024-11-14T14:38:05.712048,34.96376054012401
2024-11-14T14:38:18.608322,18.06179973983887
2024-11-14T14:38:28.785697,36.650178254124725
2024-11-14T14:38:38.888384,44.810984965652
2024-11-14T14:38:49.148450,20.0
2024-11-14T14:38:59.378021,39.64542466079137
2024-11-14T14:39:09.696382,19.084850188786497
2024-11-14T14:39:20.010457,35.268559871258745
2024-11-14T14:39:30.191571,57.15870529438858
2024-11-14T14:39:40.438069,33.979400086720375
2024-11-14T14:39:50.678777,24.608978427565482
2024-11-14T14:40:00.927103,53.02556027996288
2024-11-14T14:40:11.262122,61.619740938217745
2024-11-14T14:40:21.300887,49.337352407082186
2024-11-14T14:40:31.533808,28.943160626844385
2024-11-14T14:40:42.215920,56.93910650039648
2024-11-14T14:40:52.731198,16.901960800285135
2024-11-14T14:41:02.967959,52.78972978537172
2024-11-14T14:41:13.206085,42.9843822531076
2024-11-14T14:41:23.446480,52.649145843694484
2024-11-14T14:41:33.692276,49.425834221178775
2024-11-14T14:41:43.931648,42.860296005081906
2024-11-14T14:41:54.188542,53.979400086720375
2024-11-14T14:42:04.406059,51.0289999594575
2024-11-14T14:42:14.653834,16.901960800285135
2024-11-14T14:42:24.699750,16.901960800285135
2024-11-14T14:42:34.736996,39.912703891951
2024-11-14T14:42:45.070669,18.06179973983887
2024-11-14T14:42:55.154549,36.776981814745106
2024-11-14T14:43:05.200179,39.7354346853249
2024-11-14T14:43:15.685730,46.56759206877475
2024-11-14T14:43:26.337008,32.66936911159173
2024-11-14T14:43:36.779701,37.95254182580883
2024-11-14T14:43:47.063162,29.827233876685455
2024-11-14T14:43:57.103407,39.7354346853249
2024-11-14T14:44:07.397844,36.776981814745106
2024-11-14T14:44:17.945006,37.72981450344964
2024-11-14T14:44:29.419212,42.92256071356476
2024-11-14T14:44:39.757325,43.46372536824548
2024-11-14T14:44:50.202898,40.66847510973899
2024-11-14T14:45:00.433623,36.52149605401653
2024-11-14T14:45:10.678752,58.41290002813575
2024-11-14T14:45:20.710699,19.084850188786497
2024-11-14T14:45:30.811232,43.75041441672926
2024-11-14T14:45:40.870017,38.58837851428586
2024-11-14T14:45:51.050962,19.084850188786497
2024-11-14T14:46:01.245461,41.437640146122504
2024-11-14T14:46:11.496748,32.86905352972375
2024-11-14T14:46:21.728251,16.901960800285135
2024-11-14T14:46:31.966968,30.370278797557752
2024-11-14T14:46:42.262084,18.06179973983887
2024-11-14T14:46:52.366852,39.912703891951
2024-11-14T14:47:02.414021,42.79758172802473
2024-11-14T14:47:12.622603,39.3696589710787
2024-11-14T14:47:22.846287,40.17200343523835
2024-11-14T14:47:32.891226,40.8278537031645
2024-11-14T14:47:42.963327,39.275756546911104
2024-11-14T14:47:53.204451,41.655707406329
2024-11-14T14:48:03.236778,43.69382861635197
2024-11-14T14:48:13.749551,44.08239965311849
2024-11-14T14:48:23.989597,39.7354346853249
2024-11-14T14:48:34.026847,35.56302500767287
2024-11-14T14:48:45.912045,42.860296005081906
2024-11-14T14:48:56.153540,22.278867046136735
2024-11-14T14:49:06.184402,41.938200260161125
2024-11-14T14:49:16.358651,39.46255707199397
2024-11-14T14:49:26.481724,42.67077816740435
2024-11-14T14:49:36.516222,39.3696589710787
2024-11-14T14:49:46.553470,41.437640146122504
2024-11-14T14:49:56.588364,38.58837851428586
2024-11-14T14:50:06.647206,42.07607441911914
2024-11-14T14:50:16.679858,37.384634394619525
2024-11-14T14:50:27.037998,44.08239965311849
2024-11-14T14:50:37.273614,42.860296005081906
2024-11-14T14:50:47.495733,42.860296005081906
2024-11-14T14:50:57.820560,46.063921148409776
2024-11-14T14:51:07.855001,40.086427475652854
2024-11-14T14:51:18.095536,38.98780013289826
2024-11-14T14:51:28.279792,31.3640344813399
2024-11-14T14:51:39.497996,38.48558572123763
2024-11-14T14:51:49.534179,15.563025007672874
2024-11-14T14:51:59.784771,29.827233876685455
2024-11-14T14:52:10.011568,42.14419939295737
2024-11-14T14:52:20.054971,46.96609726096321
2024-11-14T14:52:30.313227,31.595671932336202
2024-11-14T14:52:43.339491,42.860296005081906
2024-11-14T14:52:56.188411,38.98780013289826
2024-11-14T14:53:06.242828,38.98780013289826
2024-11-14T14:53:16.658022,39.46255707199397
2024-11-14T14:53:27.836327,40.8278537031645
2024-11-14T14:53:37.904895,22.92256071356476
2024-11-14T14:53:47.949478,42.9843822531076
2024-11-14T14:54:00.962699,43.40523430789915
2024-11-14T14:54:11.197267,44.19030029085262
2024-11-14T14:54:21.444990,42.542095967296156
2024-11-14T14:54:31.480634,43.227360044699495
2024-11-14T14:54:41.675103,40.98436045340363
2024-11-14T14:54:51.915630,42.07607441911914
2024-11-14T14:55:01.955836,39.3696589710787
2024-11-14T14:55:12.189538,37.266457202409114
2024-11-14T14:55:22.220912,15.563025007672874
2024-11-14T14:55:32.383958,41.138097026729454
2024-11-14T14:55:42.643105,42.14419939295737
2024-11-14T14:55:52.675641,43.34634669496352
2024-11-14T14:56:02.905686,42.860296005081906
2024-11-14T14:56:12.944987,38.68996902487135
2024-11-14T14:56:22.980617,43.227360044699495
2024-11-14T14:56:33.207266,40.8278537031645
2024-11-14T14:56:43.242171,46.19260334851798
2024-11-14T14:56:53.480787,42.9843822531076
2024-11-14T14:57:03.517101,40.906459575733145
2024-11-14T14:57:13.546985,37.025166974381506
2024-11-14T14:57:23.620225,38.169700377572994
2024-11-14T14:57:33.860084,16.901960800285135
2024-11-14T14:57:44.111682,20.0
2024-11-14T14:57:54.233371,40.98436045340363
2024-11-14T14:58:04.267151,41.72719661349497
2024-11-14T14:58:14.301523,40.17200343523835
2024-11-14T14:58:24.369724,39.7354346853249
2024-11-14T14:58:34.401713,41.79810222878796
2024-11-14T14:58:44.438420,39.824521513849895
2024-11-14T14:58:54.474886,42.411478624116995
2024-11-14T14:59:04.500837,39.7354346853249
2024-11-14T14:59:14.535610,41.213956807072236
2024-11-14T14:59:24.572549,44.608978427565475
2024-11-14T14:59:34.603708,45.24902179460859
2024-11-14T14:59:44.636293,40.98436045340363
2024-11-14T14:59:54.669698,42.9843822531076
2024-11-14T15:00:04.705419,41.79810222878796
2024-11-14T15:00:14.740873,41.583624920952495
2024-11-14T15:00:24.797214,41.06156886966839
2024-11-14T15:00:34.836304,39.824521513849895
2024-11-14T15:00:44.862558,42.606675369900124
2024-11-14T15:00:54.907279,41.72719661349497
2024-11-14T15:01:06.035373,40.086427475652854
2024-11-14T15:01:16.071116,29.827233876685455
2024-11-14T15:01:26.308922,42.79758172802473
2024-11-14T15:01:36.345857,41.583624920952495
2024-11-14T15:01:46.373753,40.587675553704194
2024-11-14T15:01:56.407998,42.07607441911914
2024-11-14T15:02:06.439107,40.66847510973899
2024-11-14T15:02:16.475221,39.824521513849895
2024-11-14T15:02:26.516588,38.98780013289826
2024-11-14T15:02:36.553761,41.79810222878796
2024-11-14T15:02:46.597106,37.501225267834
2024-11-14T15:02:56.656105,46.14992075826426
2024-11-14T15:03:06.689092,44.02794248640903
2024-11-14T15:03:16.723303,40.74852995881247
2024-11-14T15:03:26.751212,42.9843822531076
2024-11-14T15:03:36.776104,43.46372536824548
2024-11-14T15:03:46.838370,15.563025007672874
2024-11-14T15:03:56.874064,40.74852995881247
2024-11-14T15:04:06.975824,45.483156985273595
2024-11-14T15:04:17.014597,32.46498580795801
2024-11-14T15:04:27.041065,50.655087579849955
2024-11-14T15:04:37.087258,37.266457202409114
2024-11-14T15:04:47.122308,30.629578340845104
2024-11-14T15:04:57.154824,26.848453616444125
2024-11-14T15:05:07.193952,19.084850188786497
2024-11-14T15:05:17.225225,22.92256071356476
2024-11-14T15:05:27.464362,38.98780013289826
2024-11-14T15:05:37.579522,15.563025007672874
2024-11-14T15:05:47.706507,40.74852995881247
2024-11-14T15:05:57.768736,42.411478624116995
2024-11-14T15:06:08.013108,39.912703891951
2024-11-14T15:06:18.057225,24.082399653118497
2024-11-14T15:06:28.293958,41.583624920952495
2024-11-14T15:06:38.532875,32.86905352972375
2024-11-14T15:06:48.564708,26.848453616444125
2024-11-14T15:06:58.594174,39.46255707199397
2024-11-14T15:07:08.640375,42.73441134312814
2024-11-14T15:07:18.676322,20.0
2024-11-14T15:07:28.912382,35.56302500767287
2024-11-14T15:07:38.950962,34.15140352195873
2024-11-14T15:07:49.189754,20.8278537031645
2024-11-14T15:07:59.431400,31.595671932336202
2024-11-14T15:08:09.660005,44.659922207843074
2024-11-14T15:08:19.927371,15.563025007672874
2024-11-14T15:08:30.144462,39.7354346853249
2024-11-14T15:08:40.175964,45.05706061959786
2024-11-14T15:08:50.400592,44.91025335628299
2024-11-14T15:09:00.579696,42.79758172802473
2024-11-14T15:09:10.819068,15.563025007672874
2024-11-14T15:09:21.060797,37.95254182580883
2024-11-14T15:09:31.095642,18.06179973983887
2024-11-14T15:09:41.313909,38.98780013289826
2024-11-14T15:09:51.556395,19.084850188786497
2024-11-14T15:10:02.906074,27.95880017344075
2024-11-14T15:10:12.957971,38.381561847521475
2024-11-14T15:10:23.198403,33.80392160057028
2024-11-14T15:10:33.439974,33.441957158714345
2024-11-14T15:10:43.510978,43.04576688766113
2024-11-14T15:10:53.855398,45.889324523231856
2024-11-14T15:11:04.086661,38.06179973983887
2024-11-14T15:11:14.118140,25.575072019056577
2024-11-14T15:11:24.152040,39.3696589710787
2024-11-14T15:11:34.225757,38.98780013289826
2024-11-14T15:11:44.276277,38.381561847521475
2024-11-14T15:11:54.314833,38.98780013289826
2024-11-14T15:12:04.503053,39.3696589710787
2024-11-14T15:12:14.552104,15.563025007672874
2024-11-14T15:12:24.774808,44.243752088079155
2024-11-14T15:12:34.813925,29.827233876685455
2024-11-14T15:12:44.849196,16.901960800285135
2024-11-14T15:12:54.876415,39.64542466079137
2024-11-14T15:13:04.911924,38.79038505237237
2024-11-14T15:13:14.948808,39.3696589710787
2024-11-14T15:13:24.983917,42.07607441911914
2024-11-14T15:13:35.009331,42.860296005081906
2024-11-14T15:13:45.055778,49.799169588496696
2024-11-14T15:13:55.262091,42.14419939295737
2024-11-14T15:14:05.298896,20.8278537031645
2024-11-14T15:14:15.323766,42.00741090235126
2024-11-14T15:14:25.369195,42.14419939295737
2024-11-14T15:14:35.616533,20.8278537031645
2024-11-14T15:14:45.655931,39.3696589710787
2024-11-14T15:14:55.886573,44.71056893815098
2024-11-14T15:15:05.916986,40.8278537031645
2024-11-14T15:15:15.951492,41.72719661349497
2024-11-14T15:15:27.185862,44.454329422951666
2024-11-14T15:15:37.425978,39.824521513849895
2024-11-14T15:15:47.675804,29.827233876685455
2024-11-14T15:15:57.905807,44.34967888427813
2024-11-14T15:16:08.172633,38.68996902487135
2024-11-14T15:16:18.423330,42.79758172802473
2024-11-14T15:16:28.629297,46.92705948901277
2024-11-14T15:16:38.869553,24.082399653118497
2024-11-14T15:16:48.909111,15.563025007672874
2024-11-14T15:16:59.355344,38.381561847521475
2024-11-14T15:17:09.391601,42.07607441911914
2024-11-14T15:17:19.659005,22.92256071356476
2024-11-14T15:17:29.770384,38.381561847521475
2024-11-14T15:17:39.797410,40.98436045340363
2024-11-14T15:17:50.022242,41.437640146122504
2024-11-14T15:18:00.262757,29.54242509439325
2024-11-14T15:18:10.520303,41.437640146122504
2024-11-14T15:18:20.590480,44.19030029085262
2024-11-14T15:18:30.617328,37.025166974381506
2024-11-14T15:18:40.810612,41.138097026729454
2024-11-14T15:18:51.052117,46.14992075826426
2024-11-14T15:19:01.290929,38.68996902487135
2024-11-14T15:19:11.542284,24.608978427565482
2024-11-14T15:19:21.608500,41.583624920952495
2024-11-14T15:19:32.190857,37.95254182580883
2024-11-14T15:19:42.229342,38.276277047674334
2024-11-14T15:19:52.267397,31.595671932336202
2024-11-14T15:20:02.415785,37.501225267834
2024-11-14T15:20:12.634289,41.938200260161125
2024-11-14T15:20:22.681253,45.343434568060275
2024-11-14T15:20:32.737342,41.938200260161125
2024-11-14T15:20:42.790687,36.650178254124725
2024-11-14T15:20:53.497886,40.17200343523835
2024-11-14T15:21:04.481566,44.08239965311849
2024-11-14T15:21:14.702573,43.34634669496352
2024-11-14T15:21:24.738457,22.92256071356476
2024-11-14T15:21:34.978450,27.234556720351858
2024-11-14T15:21:45.013418,45.00840004617788
2024-11-14T15:21:55.113627,47.04365036222725
2024-11-14T15:22:05.363780,43.227360044699495
2024-11-14T15:22:15.496384,41.938200260161125
2024-11-14T15:22:25.562152,43.28705711568874
2024-11-14T15:22:35.768335,37.61627184561583
2024-11-14T15:22:45.804390,13.979400086720375
2024-11-14T15:22:55.839850,15.563025007672874
2024-11-14T15:23:06.078819,38.381561847521475
2024-11-14T15:23:16.342299,32.86905352972375
2024-11-14T15:23:26.374970,42.07607441911914
2024-11-14T15:23:36.855081,38.68996902487135
2024-11-14T15:23:46.889666,44.91025335628299
2024-11-14T15:23:56.925111,41.79810222878796
2024-11-14T15:24:07.141252,43.69382861635197
2024-11-14T15:24:17.396353,42.73441134312814
2024-11-14T15:24:27.430181,41.138097026729454
2024-11-14T15:24:37.656810,46.235077221115084
2024-11-14T15:24:47.899549,32.66936911159173
2024-11-14T15:24:57.935369,45.52923608346488
2024-11-14T15:25:08.173477,13.979400086720375
2024-11-14T15:25:18.401599,44.19030029085262
2024-11-14T15:25:28.469867,15.563025007672874
2024-11-14T15:25:38.682644,33.624824747511745
2024-11-14T15:25:48.925833,38.68996902487135
2024-11-14T15:25:58.957071,20.0
2024-11-14T15:26:08.993620,30.881360887005513
2024-11-14T15:26:19.028565,15.563025007672874
2024-11-14T15:26:29.273154,19.084850188786497
2024-11-14T15:26:39.355617,19.084850188786497
2024-11-14T15:26:49.545802,32.86905352972375
2024-11-14T15:26:59.782020,20.0
2024-11-14T15:27:09.816982,43.227360044699495
2024-11-14T15:27:20.045544,52.62887538026344
2024-11-14T15:27:30.264116,53.99675451734491
2024-11-14T15:27:40.305141,49.600138859143016
2024-11-14T15:27:50.541730,12.04119982655925
2024-11-14T15:28:00.578767,15.563025007672874
2024-11-14T15:28:10.834805,51.57278419936145
2024-11-14T15:28:21.055151,48.09667433239876
2024-11-14T15:28:31.084441,15.563025007672874
2024-11-14T15:28:41.325769,36.90196080028514
2024-11-14T15:28:51.563855,24.608978427565482
2024-11-14T15:29:04.770577,22.278867046136735
2024-11-14T15:29:14.938552,30.10299956639812
2024-11-14T15:29:25.159151,52.23446616014684
2024-11-14T15:29:35.418772,44.608978427565475
2024-11-14T15:29:45.487858,16.901960800285135
2024-11-14T15:29:58.632820,53.38633761132225
2024-11-14T15:30:08.676870,48.5302252272915
2024-11-14T15:30:18.717868,36.650178254124725
2024-11-14T15:30:28.947964,35.11749711344983
2024-11-14T15:30:39.201781,23.521825181113623
2024-11-14T15:30:49.234008,32.25567713439471
2024-11-14T15:30:59.463344,42.606675369900124
2024-11-14T15:31:09.504156,50.10299956639812
2024-11-14T15:31:19.546880,15.563025007672874
2024-11-14T15:31:29.797501,19.084850188786497
2024-11-14T15:31:39.831315,47.45824005940213
2024-11-14T15:31:49.862187,49.187849755184615
2024-11-14T15:32:00.084469,15.563025007672874
2024-11-14T15:32:10.325760,12.04119982655925
2024-11-14T15:32:20.795742,18.06179973983887
2024-11-14T15:32:31.009987,16.901960800285135
2024-11-14T15:32:41.251127,33.624824747511745
2024-11-14T15:32:51.282457,30.370278797557752
2024-11-14T15:33:01.525629,37.501225267834
2024-11-14T15:33:11.765501,35.417040232842886
2024-11-14T15:33:22.005509,20.0
2024-11-14T15:33:32.247998,16.901960800285135
2024-11-14T15:33:42.486039,41.51093922785061
2024-11-14T15:33:52.725346,23.521825181113623
2024-11-14T15:34:02.757326,39.3696589710787
2024-11-14T15:34:13.000798,42.07607441911914
2024-11-14T15:34:23.242047,40.66847510973899
2024-11-14T15:34:33.480987,37.146649928625365
2024-11-14T15:34:43.786747,34.807253789884875
2024-11-14T15:34:53.960648,38.06179973983887
2024-11-14T15:35:04.203556,41.437640146122504
2024-11-14T15:35:14.442557,36.52149605401653
2024-11-14T15:35:25.057558,40.8278537031645
2024-11-14T15:35:35.282414,43.34634669496352
2024-11-14T15:35:45.523123,43.75041441672926
2024-11-14T15:35:55.561068,38.58837851428586
2024-11-14T15:36:05.588623,40.086427475652854
2024-11-14T15:36:15.630084,41.868433703244705
2024-11-14T15:36:25.975076,42.9843822531076
2024-11-14T15:36:36.003516,40.66847510973899
2024-11-14T15:36:46.087433,38.48558572123763
2024-11-14T15:36:56.198084,38.169700377572994
2024-11-14T15:37:06.704667,41.938200260161125
2024-11-14T15:37:17.244600,45.00840004617788
2024-11-14T15:37:27.672822,38.58837851428586
2024-11-14T15:37:38.217758,40.74852995881247
2024-11-14T15:37:48.893189,37.266457202409114
2024-11-14T15:37:59.213817,36.39087871083737
2024-11-14T15:38:09.464200,46.64876919831211
2024-11-14T15:38:19.792990,37.146649928625365
2024-11-14T15:38:30.241156,35.56302500767287
2024-11-14T15:38:41.025494,40.74852995881247
2024-11-14T15:38:51.235915,40.74852995881247
2024-11-14T15:39:01.466521,41.72719661349497
2024-11-14T15:39:11.935710,47.64034085149737
2024-11-14T15:39:22.115997,40.8278537031645
2024-11-14T15:39:32.203834,40.17200343523835
2024-11-14T15:39:42.252136,43.63687175889545
2024-11-14T15:39:52.361585,38.98780013289826
2024-11-14T15:40:02.602330,31.595671932336202
2024-11-14T15:40:12.642609,44.34967888427813
2024-11-14T15:40:22.870600,45.00840004617788
2024-11-14T15:40:33.111518,32.86905352972375
2024-11-14T15:40:43.146856,33.25515663363148
2024-11-14T15:40:53.382695,40.0
2024-11-14T15:41:03.422137,45.84512142712952
2024-11-14T15:41:13.455141,32.86905352972375
2024-11-14T15:41:23.694854,16.901960800285135
2024-11-14T15:41:33.932272,35.268559871258745
2024-11-14T15:41:44.167199,35.56302500767287
2024-11-14T15:41:54.410878,16.901960800285135
2024-11-14T15:42:04.648443,35.11749711344983
2024-11-14T15:42:14.914013,37.72981450344964
2024-11-14T15:42:25.129512,39.3696589710787
2024-11-14T15:42:35.385862,20.0
2024-11-14T15:42:45.958030,13.979400086720375
2024-11-14T15:42:56.089676,38.06179973983887
2024-11-14T15:43:06.332507,42.73441134312814
2024-11-14T15:43:16.715870,39.46255707199397
2024-11-14T15:43:26.781810,41.138097026729454
2024-11-14T15:43:36.975499,44.76092206257591
2024-11-14T15:43:47.217004,37.266457202409114
2024-11-14T15:43:57.455300,46.64876919831211
2024-11-14T15:44:07.695104,33.25515663363148
2024-11-14T15:44:17.937419,33.624824747511745
2024-11-14T15:44:28.192980,20.0
2024-11-14T15:44:38.417380,45.52923608346488
2024-11-14T15:44:48.496275,33.06425027550687
2024-11-14T15:44:58.690752,38.98780013289826
2024-11-14T15:45:08.952981,20.8278537031645
2024-11-14T15:45:19.171414,44.91025335628299
2024-11-14T15:45:29.637617,32.66936911159173
2024-11-14T15:45:39.683100,44.95946532723613
2024-11-14T15:45:49.896494,40.74852995881247
2024-11-14T15:46:00.169265,47.309759697817995
2024-11-14T15:46:10.375603,38.381561847521475
2024-11-14T15:46:20.452504,42.606675369900124
2024-11-14T15:46:30.487893,42.477032819341716
2024-11-14T15:46:40.706584,44.29687696095396
2024-11-14T15:46:50.747550,32.66936911159173
2024-11-14T15:47:00.783958,39.3696589710787
2024-11-14T15:47:11.023037,39.3696589710787
2024-11-14T15:47:21.068467,41.213956807072236
2024-11-14T15:47:31.104508,44.13651752063699
2024-11-14T15:47:41.158977,39.912703891951
2024-11-14T15:47:51.188697,42.07607441911914
2024-11-14T15:48:01.224773,41.437640146122504
2024-11-14T15:48:11.431834,42.21179420598498
2024-11-14T15:48:21.466423,35.986810989071635
2024-11-14T15:48:31.494967,42.9843822531076
2024-11-14T15:48:41.537187,40.8278537031645
2024-11-14T15:48:51.569833,39.0848501887865
2024-11-14T15:49:01.607458,39.46255707199397
2024-11-14T15:49:11.848626,38.169700377572994
2024-11-14T15:49:21.893895,41.213956807072236
2024-11-14T15:49:31.981363,42.67077816740435
2024-11-14T15:49:42.220216,32.86905352972375
2024-11-14T15:49:52.259341,32.86905352972375
2024-11-14T15:50:02.518776,32.46498580795801
2024-11-14T15:50:12.736138,40.587675553704194
2024-11-14T15:50:22.778149,31.126050015345744
2024-11-14T15:50:33.011343,44.19030029085262
2024-11-14T15:50:43.248016,40.17200343523835
2024-11-14T15:50:53.279599,39.64542466079137
2024-11-14T15:51:03.524625,15.563025007672874
2024-11-14T15:51:13.765239,30.10299956639812
2024-11-14T15:51:23.809516,44.454329422951666
2024-11-14T15:51:33.970504,40.8278537031645
2024-11-14T15:51:44.212539,35.268559871258745
2024-11-14T15:51:54.247659,33.624824747511745
2024-11-14T15:52:04.487496,35.56302500767287
2024-11-14T15:52:14.727859,42.860296005081906
2024-11-14T15:52:24.766821,33.25515663363148
2024-11-14T15:52:35.002414,38.98780013289826
2024-11-14T15:52:45.244210,42.606675369900124
2024-11-14T15:52:55.278481,24.608978427565482
2024-11-14T15:53:05.518149,39.912703891951
2024-11-14T15:53:15.759039,23.521825181113623
2024-11-14T15:53:25.797085,32.86905352972375
2024-11-14T15:53:35.864035,43.75041441672926
2024-11-14T15:53:45.907619,37.501225267834
2024-11-14T15:53:56.087063,42.00741090235126
2024-11-14T15:54:06.123848,38.169700377572994
2024-11-14T15:54:16.175242,47.08216878294802
2024-11-14T15:54:26.412261,40.17200343523835
2024-11-14T15:54:36.441117,37.72981450344964
2024-11-14T15:54:46.471490,36.90196080028514
2024-11-14T15:54:56.507742,35.84783378996508
2024-11-14T15:55:06.564131,41.938200260161125
2024-11-14T15:55:16.812013,41.655707406329
2024-11-14T15:55:26.844390,42.14419939295737
2024-11-14T15:55:36.891873,38.381561847521475
2024-11-14T15:55:46.946463,44.29687696095396
2024-11-14T15:55:57.213651,34.96376054012401
2024-11-14T15:56:07.425738,41.213956807072236
2024-11-14T15:56:17.688834,33.979400086720375
2024-11-14T15:56:27.902652,39.0848501887865
2024-11-14T15:56:38.146567,44.34967888427813
2024-11-14T15:56:49.223921,34.96376054012401
2024-11-14T15:56:59.480301,42.9843822531076
2024-11-14T15:57:09.548645,41.138097026729454
2024-11-14T15:57:19.805358,16.901960800285135
2024-11-14T15:57:30.052936,41.437640146122504
2024-11-14T15:57:40.264058,45.43683213072998
2024-11-14T15:57:50.467170,40.086427475652854
2024-11-14T15:58:00.704985,38.79038505237237
2024-11-14T15:58:10.945501,40.0
2024-11-14T15:58:21.182848,16.901960800285135
2024-11-14T15:58:31.220069,40.086427475652854
2024-11-14T15:58:41.476306,19.084850188786497
2024-11-14T15:58:51.698910,36.776981814745106
2024-11-14T15:59:01.754799,44.08239965311849
2024-11-14T15:59:11.789409,41.213956807072236
2024-11-14T15:59:21.849410,41.437640146122504
2024-11-14T15:59:31.882629,30.370278797557752
2024-11-14T15:59:43.123964,45.483156985273595
2024-11-14T15:59:53.364672,26.020599913279625
2024-11-14T16:00:03.606094,15.563025007672874
2024-11-14T16:00:13.842470,12.04119982655925
2024-11-14T16:00:23.887083,40.587675553704194
2024-11-14T16:00:34.694935,22.92256071356476
2024-11-14T16:00:44.787067,38.68996902487135
2024-11-14T16:00:54.863237,36.39087871083737
2024-11-14T16:01:05.298511,41.583624920952495
2024-11-14T16:01:15.690957,42.79758172802473
2024-11-14T16:01:25.933283,34.96376054012401
2024-11-14T16:01:37.405686,41.79810222878796
2024-11-14T16:01:47.441143,30.370278797557752
2024-11-14T16:01:57.521176,44.71056893815098
2024-11-14T16:02:07.596671,39.3696589710787
2024-11-14T16:02:17.707703,39.55447210577695
2024-11-14T16:02:27.762949,39.46255707199397
2024-11-14T16:02:37.819495,40.74852995881247
2024-11-14T16:02:47.873573,42.606675369900124
2024-11-14T16:02:57.898979,42.411478624116995
2024-11-14T16:03:07.956768,27.95880017344075
2024-11-14T16:03:18.004831,41.213956807072236
2024-11-14T16:03:28.047569,40.8278537031645
2024-11-14T16:03:38.122800,40.0
2024-11-14T16:03:48.215369,41.138097026729454
2024-11-14T16:03:58.279223,41.51093922785061
2024-11-14T16:04:08.454205,38.88965344300337
2024-11-14T16:04:18.485691,53.40491706148248
2024-11-14T16:04:28.520553,43.28705711568874
2024-11-14T16:04:38.548913,27.234556720351858
2024-11-14T16:04:48.578986,44.4021617608011
2024-11-14T16:04:58.620883,39.824521513849895
2024-11-14T16:05:08.861386,42.606675369900124
2024-11-14T16:05:19.143732,20.0
2024-11-14T16:05:29.187035,42.14419939295737
2024-11-14T16:05:39.381011,37.61627184561583
2024-11-14T16:05:49.615207,19.084850188786497
2024-11-14T16:05:59.651695,40.587675553704194
2024-11-14T16:06:09.687579,40.0
2024-11-14T16:06:19.928010,27.234556720351858
2024-11-14T16:06:29.964155,34.96376054012401
2024-11-14T16:06:40.199983,26.444385894678387
2024-11-14T16:06:50.491602,40.74852995881247
2024-11-14T16:07:00.521199,37.501225267834
2024-11-14T16:07:10.761512,41.583624920952495
2024-11-14T16:07:20.888923,39.55447210577695
2024-11-14T16:07:31.113355,38.381561847521475
2024-11-14T16:07:43.108384,41.437640146122504
2024-11-14T16:07:53.153507,19.084850188786497
2024-11-14T16:08:03.386508,46.063921148409776
2024-11-14T16:08:13.623833,25.575072019056577
2024-11-14T16:08:23.863892,26.020599913279625
2024-11-14T16:08:35.127504,38.58837851428586
2024-11-14T16:08:45.368166,45.620667344954555
2024-11-14T16:08:55.406587,15.563025007672874
2024-11-14T16:09:05.660563,29.827233876685455
2024-11-14T16:09:15.885248,41.655707406329
2024-11-14T16:09:25.951073,41.79810222878796
2024-11-14T16:09:36.190217,42.14419939295737
2024-11-14T16:09:46.400836,45.10545010206612
2024-11-14T16:09:56.443047,24.608978427565482
2024-11-14T16:10:08.806990,41.868433703244705
2024-11-14T16:10:19.046848,22.92256071356476
2024-11-14T16:10:29.281986,30.881360887005513
2024-11-14T16:10:39.312315,43.16724984190499
2024-11-14T16:10:49.557797,41.138097026729454
2024-11-14T16:10:59.806050,39.46255707199397
2024-11-14T16:11:10.043670,15.563025007672874
2024-11-14T16:11:20.384064,16.901960800285135
2024-11-14T16:11:30.511608,41.583624920952495
2024-11-14T16:11:40.561076,37.266457202409114
2024-11-14T16:11:50.838122,43.28705711568874
2024-11-14T16:12:00.879324,33.441957158714345
2024-11-14T16:12:12.207388,40.74852995881247
2024-11-14T16:12:22.244375,35.417040232842886
2024-11-14T16:12:32.281990,46.063921148409776
2024-11-14T16:12:42.513033,44.34967888427813
2024-11-14T16:12:52.751751,15.563025007672874
2024-11-14T16:13:02.993522,44.13651752063699
2024-11-14T16:13:13.233224,23.521825181113623
2024-11-14T16:13:23.277021,43.28705711568874
2024-11-14T16:13:33.315018,41.36371723492323
2024-11-14T16:13:43.350822,41.79810222878796
2024-11-14T16:13:53.386935,42.477032819341716
2024-11-14T16:14:03.430790,40.0
2024-11-14T16:14:13.465769,21.583624920952495
2024-11-14T16:14:23.501569,40.17200343523835
2024-11-14T16:14:33.538581,38.381561847521475
2024-11-14T16:14:43.776335,16.901960800285135
2024-11-14T16:14:54.016771,35.56302500767287
2024-11-14T16:15:04.271756,38.88965344300337
2024-11-14T16:15:14.495965,42.67077816740435
2024-11-14T16:15:24.531631,9.542425094393248
2024-11-14T16:15:34.568482,45.84512142712952
2024-11-14T16:15:44.650553,42.9843822531076
2024-11-14T16:15:54.889508,33.25515663363148
2024-11-14T16:16:05.130354,20.0
2024-11-14T16:16:15.366667,43.69382861635197
2024-11-14T16:16:25.634363,29.827233876685455
2024-11-14T16:16:35.697911,42.00741090235126
2024-11-14T16:16:45.770630,41.213956807072236
2024-11-14T16:16:55.801191,41.437640146122504
2024-11-14T16:17:05.834828,42.79758172802473
2024-11-14T16:17:15.864688,41.938200260161125
2024-11-14T16:17:26.122344,37.501225267834
2024-11-14T16:17:36.349202,40.17200343523835
2024-11-14T16:17:46.597213,16.901960800285135
2024-11-14T16:17:56.828416,42.00741090235126
2024-11-14T16:18:06.872744,41.138097026729454
2024-11-14T16:18:17.115218,15.563025007672874
2024-11-14T16:18:27.147692,19.084850188786497
2024-11-14T16:18:37.372798,39.64542466079137
2024-11-14T16:18:47.604816,27.234556720351858
2024-11-14T16:18:57.672530,40.74852995881247
2024-11-14T16:19:07.750281,37.72981450344964
2024-11-14T16:19:17.802327,44.55773409227347
2024-11-14T16:19:28.009113,40.17200343523835
2024-11-14T16:19:38.038938,37.025166974381506
2024-11-14T16:19:48.062668,42.79758172802473
2024-11-14T16:19:58.151645,35.986810989071635
2024-11-14T16:20:09.183649,44.95946532723613
2024-11-14T16:20:19.215475,39.824521513849895
2024-11-14T16:20:29.420169,48.09667433239876
2024-11-14T16:20:40.343976,47.747796526774586
2024-11-14T16:20:50.381395,35.417040232842886
2024-11-14T16:21:00.569483,33.624824747511745
2024-11-14T16:21:10.809323,31.595671932336202
2024-11-14T16:21:20.842292,43.75041441672926
2024-11-14T16:21:31.027310,39.64542466079137
2024-11-14T16:21:41.076507,43.16724984190499
2024-11-14T16:21:51.110158,45.711146180155474
2024-11-14T16:22:01.344527,47.309759697817995
2024-11-14T16:22:11.374781,34.64787519645937
2024-11-14T16:22:21.541943,43.227360044699495
2024-11-14T16:22:32.114361,36.12359947967774
2024-11-14T16:22:42.175014,36.776981814745106
2024-11-14T16:22:52.209449,16.901960800285135
2024-11-14T16:23:02.455261,38.88965344300337
2024-11-14T16:23:12.691563,20.0
2024-11-14T16:23:22.727939,31.3640344813399
2024-11-14T16:23:32.986559,20.8278537031645
2024-11-14T16:23:43.206483,39.912703891951
2024-11-14T16:23:53.238270,54.85450262609397
2024-11-14T16:24:03.459232,43.34634669496352
2024-11-14T16:24:13.674925,38.06179973983887
2024-11-14T16:24:23.712150,26.020599913279625
2024-11-14T16:24:33.745065,31.3640344813399
2024-11-14T16:24:43.951326,38.381561847521475
2024-11-14T16:24:54.006575,16.901960800285135
2024-11-14T16:25:04.232831,41.138097026729454
2024-11-14T16:25:14.434394,40.587675553704194
2024-11-14T16:25:24.467183,46.56759206877475
2024-11-14T16:25:34.499447,42.860296005081906
2024-11-14T16:25:44.739857,45.52923608346488
2024-11-14T16:25:54.771615,41.655707406329
2024-11-14T16:26:04.801116,39.3696589710787
2024-11-14T16:26:14.833712,40.587675553704194
2024-11-14T16:26:24.910599,43.63687175889545
2024-11-14T16:26:34.945158,38.79038505237237
2024-11-14T16:26:45.139229,41.868433703244705
2024-11-14T16:26:55.176086,44.659922207843074
2024-11-14T16:27:05.209528,45.711146180155474
2024-11-14T16:27:15.442700,42.21179420598498
2024-11-14T16:27:25.477776,16.901960800285135
2024-11-14T16:27:35.717100,29.827233876685455
2024-11-14T16:27:45.954675,29.54242509439325
2024-11-14T16:27:55.988782,42.67077816740435
2024-11-14T16:28:06.221546,40.98436045340363
2024-11-14T16:28:16.463052,9.542425094393248
2024-11-14T16:28:26.494697,38.98780013289826
2024-11-14T16:28:36.701393,37.266457202409114
2024-11-14T16:28:46.754261,41.938200260161125
2024-11-14T16:28:56.780918,44.454329422951666
2024-11-14T16:29:06.824585,38.169700377572994
2024-11-14T16:29:16.867247,43.16724984190499
2024-11-14T16:29:27.077954,40.086427475652854
2024-11-14T16:29:37.336544,35.11749711344983
2024-11-14T16:29:47.366979,40.8278537031645
2024-11-14T16:29:57.611267,39.912703891951
2024-11-14T16:30:07.844272,47.853939065193316
2024-11-14T16:30:17.873714,33.624824747511745
2024-11-14T16:30:28.117503,43.69382861635197
2024-11-14T16:30:38.201568,42.345425913115285
2024-11-14T16:30:48.403377,43.57953894586339
2024-11-14T16:30:58.643084,43.40523430789915
2024-11-14T16:31:08.883519,38.88965344300337
2024-11-14T16:31:18.924318,41.06156886966839
2024-11-14T16:31:30.106801,40.98436045340363
2024-11-14T16:31:40.139225,42.606675369900124
2024-11-14T16:31:50.172409,44.08239965311849
2024-11-14T16:32:00.394215,40.98436045340363
2024-11-14T16:32:10.709800,40.17200343523835
2024-11-14T16:32:20.739134,39.912703891951
2024-11-14T16:32:30.959824,40.98436045340363
2024-11-14T16:32:41.011297,38.98780013289826
2024-11-14T16:32:51.056166,39.824521513849895
2024-11-14T16:33:01.094943,41.72719661349497
2024-11-14T16:33:11.362792,42.606675369900124
2024-11-14T16:33:21.405319,23.521825181113623
2024-11-14T16:33:31.640199,30.881360887005513
2024-11-14T16:33:41.879129,38.169700377572994
2024-11-14T16:33:52.081706,42.606675369900124
2024-11-14T16:34:02.330575,41.72719661349497
2024-11-14T16:34:12.540915,39.55447210577695
2024-11-14T16:34:22.571615,34.807253789884875
2024-11-14T16:34:32.612028,42.606675369900124
2024-11-14T16:34:42.647252,39.3696589710787
2024-11-14T16:34:52.847481,38.381561847521475
2024-11-14T16:35:03.071955,43.40523430789915
2024-11-14T16:35:13.310703,39.7354346853249
2024-11-14T16:35:23.587524,43.227360044699495
2024-11-14T16:35:33.772740,40.74852995881247
2024-11-14T16:35:44.020899,42.21179420598498
2024-11-14T16:35:54.242162,44.243752088079155
2024-11-14T16:36:04.482462,20.0
2024-11-14T16:36:14.719683,39.7354346853249
2024-11-14T16:36:24.964229,38.98780013289826
2024-11-14T16:36:36.309922,39.824521513849895
2024-11-14T16:36:46.354479,40.086427475652854
2024-11-14T16:36:56.444914,42.477032819341716
2024-11-14T16:37:06.473132,39.3696589710787
2024-11-14T16:37:16.526134,41.938200260161125
2024-11-14T16:37:26.740836,44.29687696095396
2024-11-14T16:37:36.973380,44.608978427565475
2024-11-14T16:37:47.218354,24.082399653118497
2024-11-14T16:37:58.476473,19.084850188786497
2024-11-14T16:38:09.742757,33.624824747511745
2024-11-14T16:38:20.173540,40.256744494103444
2024-11-14T16:38:30.379109,41.213956807072236
2024-11-14T16:38:40.618581,26.848453616444125
2024-11-14T16:38:50.653639,24.082399653118497
2024-11-14T16:39:00.717390,39.824521513849895
2024-11-14T16:39:10.931767,43.40523430789915
2024-11-14T16:39:20.962160,41.72719661349497
2024-11-14T16:39:30.998241,39.46255707199397
2024-11-14T16:39:41.042834,38.88965344300337
2024-11-14T16:39:51.079380,43.46372536824548
2024-11-14T16:40:01.294456,41.79810222878796
2024-11-14T16:40:11.513465,38.169700377572994
2024-11-14T16:40:21.544296,41.79810222878796
2024-11-14T16:40:31.761813,41.213956807072236
2024-11-14T16:40:41.794463,40.66847510973899
2024-11-14T16:40:51.828644,38.06179973983887
2024-11-14T16:41:02.073391,41.437640146122504
2024-11-14T16:41:12.315240,40.66847510973899
2024-11-14T16:41:22.348373,22.92256071356476
2024-11-14T16:41:32.723937,19.084850188786497
2024-11-14T16:41:42.754833,40.0
2024-11-14T16:41:52.790790,38.169700377572994
2024-11-14T16:42:03.001915,40.086427475652854
2024-11-14T16:42:13.035815,25.575072019056577
2024-11-14T16:42:23.093377,26.444385894678387
2024-11-14T16:42:33.309929,42.477032819341716
2024-11-14T16:42:43.547829,20.0
2024-11-14T16:42:53.583296,40.8278537031645
2024-11-14T16:43:03.649636,41.868433703244705
2024-11-14T16:43:13.887108,32.25567713439471
2024-11-14T16:43:23.911320,39.46255707199397
2024-11-14T16:43:34.083643,43.34634669496352
2024-11-14T16:43:44.322830,40.8278537031645
2024-11-14T16:43:54.358843,15.563025007672874
2024-11-14T16:44:04.387080,38.98780013289826
2024-11-14T16:44:14.594602,41.437640146122504
2024-11-14T16:44:25.125474,43.28705711568874
2024-11-14T16:44:35.159996,42.07607441911914
2024-11-14T16:44:45.435720,44.02794248640903
2024-11-14T16:44:55.462080,41.79810222878796
2024-11-14T16:45:05.659132,40.74852995881247
2024-11-14T16:45:15.864784,41.138097026729454
2024-11-14T16:45:25.905247,31.821292140529984
2024-11-14T16:45:36.113983,42.9843822531076
2024-11-14T16:45:46.353756,43.46372536824548
2024-11-14T16:45:56.390624,12.04119982655925
2024-11-14T16:46:06.677945,39.64542466079137
2024-11-14T16:46:16.711053,39.46255707199397
2024-11-14T16:46:26.773441,41.213956807072236
2024-11-14T16:46:36.975480,39.3696589710787
2024-11-14T16:46:47.006364,38.58837851428586
2024-11-14T16:46:57.066083,42.542095967296156
2024-11-14T16:47:07.259706,40.506117305295405
2024-11-14T16:47:17.496652,38.169700377572994
2024-11-14T16:47:27.526923,41.213956807072236
2024-11-14T16:47:37.594537,42.9843822531076
2024-11-14T16:47:47.633386,31.595671932336202
2024-11-14T16:47:57.686060,41.138097026729454
2024-11-14T16:48:09.211196,41.06156886966839
2024-11-14T16:48:19.243391,31.595671932336202
2024-11-14T16:48:29.274261,41.138097026729454
2024-11-14T16:48:39.304309,39.3696589710787
2024-11-14T16:48:49.345663,42.345425913115285
2024-11-14T16:48:59.380166,42.07607441911914
2024-11-14T16:49:09.453021,36.650178254124725
2024-11-14T16:49:19.482992,43.10672074930123
2024-11-14T16:49:29.733041,35.11749711344983
2024-11-14T16:49:39.942559,38.06179973983887
2024-11-14T16:49:49.979813,19.084850188786497
2024-11-14T16:50:00.714157,39.3696589710787
2024-11-14T16:50:10.741691,40.74852995881247
2024-11-14T16:50:20.774827,38.58837851428586
2024-11-14T16:50:30.996462,37.72981450344964
2024-11-14T16:50:41.044650,41.72719661349497
2024-11-14T16:50:51.093891,48.562695880575774
2024-11-14T16:51:01.309585,39.55447210577695
2024-11-14T16:51:11.547054,38.68996902487135
2024-11-14T16:51:21.786988,20.0
2024-11-14T16:51:31.844021,35.56302500767287
2024-11-14T16:51:42.055556,44.91025335628299
2024-11-14T16:51:52.099775,39.275756546911104
2024-11-14T16:52:02.137486,45.889324523231856
2024-11-14T16:52:12.364409,32.86905352972375
2024-11-14T16:52:22.400193,40.906459575733145
2024-11-14T16:52:32.636438,38.381561847521475
2024-11-14T16:52:42.676659,38.06179973983887
2024-11-14T16:52:52.915349,39.64542466079137
2024-11-14T16:53:02.950869,47.853939065193316
2024-11-14T16:53:13.184066,48.43207853739662
2024-11-14T16:53:23.241622,15.563025007672874
2024-11-14T16:53:33.280025,35.11749711344983
2024-11-14T16:53:43.306884,46.64876919831211
2024-11-14T16:53:53.345616,25.575072019056577
2024-11-14T16:54:03.579851,38.58837851428586
2024-11-14T16:54:13.650514,41.437640146122504
2024-11-14T16:54:23.940883,39.7354346853249
2024-11-14T16:54:33.986443,38.58837851428586
2024-11-14T16:54:44.764830,20.0
2024-11-14T16:54:57.438772,36.52149605401653
2024-11-14T16:55:07.776661,38.79038505237237
2024-11-14T16:55:17.810153,39.64542466079137
2024-11-14T16:55:27.975984,41.72719661349497
2024-11-14T16:55:38.175802,39.824521513849895
2024-11-14T16:55:48.213888,33.06425027550687
2024-11-14T16:55:58.257992,38.381561847521475
2024-11-14T16:56:08.501803,37.501225267834
2024-11-14T16:56:18.534118,44.34967888427813
2024-11-14T16:56:28.583620,44.08239965311849
2024-11-14T16:56:38.799397,42.9843822531076
2024-11-14T16:56:48.855280,34.807253789884875
2024-11-14T16:56:58.889370,38.276277047674334
2024-11-14T16:57:08.946318,40.086427475652854
2024-11-14T16:57:18.981123,43.57953894586339
2024-11-14T16:57:29.016915,46.235077221115084
2024-11-14T16:57:39.200516,36.650178254124725
2024-11-14T16:57:49.440349,16.901960800285135
2024-11-14T16:57:59.680872,26.848453616444125
2024-11-14T16:58:09.921324,35.56302500767287
2024-11-14T16:58:20.140776,42.860296005081906
2024-11-14T16:58:30.381440,16.901960800285135
2024-11-14T16:58:40.631890,37.501225267834
2024-11-14T16:58:50.871283,15.563025007672874
2024-11-14T16:59:00.910794,45.84512142712952
2024-11-14T16:59:11.147910,39.64542466079137
2024-11-14T16:59:21.212258,39.824521513849895
2024-11-14T16:59:31.449744,39.55447210577695
2024-11-14T16:59:41.691903,39.3696589710787
2024-11-14T16:59:51.932347,19.084850188786497
2024-11-14T17:00:02.170274,25.575072019056577
2024-11-14T17:00:12.411022,15.563025007672874
2024-11-14T17:00:22.651773,26.848453616444125
2024-11-14T17:00:32.685750,32.04119982655925
2024-11-14T17:00:42.910978,45.84512142712952
2024-11-14T17:00:53.170529,43.46372536824548
2024-11-14T17:01:04.474803,42.477032819341716
2024-11-14T17:01:14.690907,39.824521513849895
2024-11-14T17:01:24.930699,29.827233876685455
2024-11-14T17:01:35.169170,20.0
2024-11-14T17:01:45.207731,42.860296005081906
2024-11-14T17:01:55.267040,37.95254182580883
2024-11-14T17:02:05.485406,37.146649928625365
2024-11-14T17:02:16.642578,33.441957158714345
2024-11-14T17:02:26.685297,44.34967888427813
2024-11-14T17:02:36.938482,27.60422483423212
2024-11-14T17:02:46.973245,38.169700377572994
2024-11-14T17:02:57.190582,43.227360044699495
2024-11-14T17:03:07.229804,20.0
2024-11-14T17:03:17.468508,32.86905352972375
2024-11-14T17:03:27.711803,41.72719661349497
2024-11-14T17:03:37.764051,41.79810222878796
2024-11-14T17:03:49.030683,42.07607441911914
2024-11-14T17:03:59.084969,41.437640146122504
2024-11-14T17:04:09.287112,40.086427475652854
2024-11-14T17:04:19.510568,39.0848501887865
2024-11-14T17:04:29.543676,31.821292140529984
2024-11-14T17:04:39.603287,37.384634394619525
2024-11-14T17:04:49.782482,38.48558572123763
2024-11-14T17:04:59.841826,51.316956373470354
2024-11-14T17:05:10.035872,43.40523430789915
2024-11-14T17:05:20.249629,39.912703891951
2024-11-14T17:05:30.286392,36.12359947967774
2024-11-14T17:05:40.521379,34.96376054012401
2024-11-14T17:05:50.667192,46.063921148409776
2024-11-14T17:06:00.905277,28.943160626844385
2024-11-14T17:06:10.979681,45.483156985273595
2024-11-14T17:06:21.722955,40.587675553704194
2024-11-14T17:06:31.962060,26.020599913279625
2024-11-14T17:06:41.995320,43.75041441672926
2024-11-14T17:06:53.807641,45.84512142712952
2024-11-14T17:07:04.048822,34.96376054012401
2024-11-14T17:07:14.333465,40.8278537031645
2024-11-14T17:07:24.526314,35.70659670021534
2024-11-14T17:07:34.740769,41.138097026729454
2024-11-14T17:07:44.776576,35.56302500767287
2024-11-14T17:07:54.802994,44.02794248640903
2024-11-14T17:08:05.009247,42.606675369900124
2024-11-14T17:08:15.249259,12.04119982655925
2024-11-14T17:08:25.285172,35.11749711344983
2024-11-14T17:08:35.374064,19.084850188786497
2024-11-14T17:08:45.594785,38.98780013289826
2024-11-14T17:08:55.631033,18.06179973983887
2024-11-14T17:09:05.661408,41.583624920952495
2024-11-14T17:09:16.812719,37.025166974381506
2024-11-14T17:09:26.848558,20.0
2024-11-14T17:09:36.885386,26.848453616444125
2024-11-14T17:09:47.123711,19.084850188786497
2024-11-14T17:09:57.165237,15.563025007672874
2024-11-14T17:10:07.196103,40.086427475652854
2024-11-14T17:10:18.605676,42.00741090235126
2024-11-14T17:10:28.844133,6.020599913279625
2024-11-14T17:10:39.090819,42.07607441911914
2024-11-14T17:10:49.197699,38.58837851428586
2024-11-14T17:10:59.461230,39.912703891951
2024-11-14T17:11:09.677444,45.483156985273595
2024-11-14T17:11:19.789139,40.506117305295405
2024-11-14T17:11:30.035087,43.34634669496352
2024-11-14T17:11:40.152164,38.79038505237237
2024-11-14T17:11:50.391170,43.16724984190499
2024-11-14T17:12:00.664271,42.9843822531076
2024-11-14T17:12:10.889337,42.21179420598498
2024-11-14T17:12:21.133840,43.40523430789915
2024-11-14T17:12:31.353107,44.76092206257591
2024-11-14T17:12:41.591769,44.454329422951666
2024-11-14T17:12:51.831329,20.0
2024-11-14T17:13:02.174106,46.44438589467838
2024-11-14T17:13:12.432007,38.58837851428586
2024-11-14T17:13:22.655351,43.16724984190499
2024-11-14T17:13:32.704038,41.213956807072236
2024-11-14T17:13:42.929780,50.7311688514306
2024-11-14T17:13:53.171781,42.14419939295737
2024-11-14T17:14:03.208224,44.608978427565475
2024-11-14T17:14:13.357558,38.58837851428586
2024-11-14T17:14:23.595304,18.06179973983887
2024-11-14T17:14:33.633153,18.06179973983887
2024-11-14T17:14:43.671916,37.146649928625365
2024-11-14T17:14:53.905999,44.19030029085262
2024-11-14T17:15:03.943989,23.521825181113623
2024-11-14T17:15:14.465728,40.906459575733145
2024-11-14T17:15:24.604762,40.74852995881247
2024-11-14T17:15:34.697184,37.95254182580883
2024-11-14T17:15:44.796345,42.411478624116995
2024-11-14T17:15:55.019496,42.73441134312814
2024-11-14T17:16:05.050203,39.3696589710787
2024-11-14T17:16:15.123086,41.72719661349497
2024-11-14T17:16:25.363705,38.68996902487135
2024-11-14T17:16:35.396985,28.943160626844385
2024-11-14T17:16:45.638582,42.92256071356476
2024-11-14T17:16:55.878784,43.28705711568874
2024-11-14T17:17:06.119374,42.14419939295737
2024-11-14T17:17:16.357742,31.126050015345744
2024-11-14T17:17:26.389822,38.48558572123763
2024-11-14T17:17:36.573974,39.824521513849895
2024-11-14T17:17:47.525869,39.824521513849895
2024-11-14T17:17:57.577351,29.24795995797912
2024-11-14T17:18:07.814699,38.169700377572994
2024-11-14T17:18:17.843076,45.711146180155474
2024-11-14T17:18:28.076670,32.46498580795801
2024-11-14T17:18:38.313717,26.020599913279625
2024-11-14T17:18:48.369042,42.67077816740435
2024-11-14T17:18:58.601408,42.21179420598498
2024-11-14T17:19:08.830047,38.88965344300337
2024-11-14T17:19:18.863479,43.28705711568874
2024-11-14T17:19:28.905178,37.025166974381506
2024-11-14T17:19:39.143080,19.084850188786497
2024-11-14T17:19:49.384276,19.084850188786497
2024-11-14T17:19:59.638707,43.40523430789915
2024-11-14T17:20:09.876815,42.860296005081906
2024-11-14T17:20:20.119340,45.343434568060275
2024-11-14T17:20:30.177257,42.9843822531076
2024-11-14T17:20:40.223685,42.00741090235126
2024-11-14T17:20:50.251880,40.8278537031645
2024-11-14T17:21:00.304772,44.29687696095396
2024-11-14T17:21:10.341945,43.75041441672926
2024-11-14T17:21:20.375686,41.79810222878796
2024-11-14T17:21:30.576753,40.086427475652854
2024-11-14T17:21:40.611179,19.084850188786497
2024-11-14T17:21:50.850190,42.00741090235126
2024-11-14T17:22:01.088388,20.8278537031645
2024-11-14T17:22:11.332370,38.381561847521475
2024-11-14T17:22:22.614439,42.860296005081906
2024-11-14T17:22:32.849543,20.0
2024-11-14T17:22:42.920575,15.563025007672874
2024-11-14T17:22:52.947632,43.34634669496352
2024-11-14T17:23:03.160216,15.563025007672874
2024-11-14T17:23:13.194886,35.417040232842886
2024-11-14T17:23:23.230424,25.575072019056577
2024-11-14T17:23:33.471113,38.58837851428586
2024-11-14T17:23:43.522568,38.169700377572994
2024-11-14T17:23:53.743665,45.29635646019073
2024-11-14T17:24:03.780551,21.583624920952495
2024-11-14T17:24:13.809766,42.345425913115285
2024-11-14T17:24:23.883838,35.56302500767287
2024-11-14T17:24:34.090748,44.76092206257591
2024-11-14T17:24:44.127699,29.827233876685455
2024-11-14T17:24:54.366242,30.881360887005513
2024-11-14T17:25:04.419652,31.126050015345744
2024-11-14T17:25:14.447317,37.72981450344964
2024-11-14T17:25:24.677431,16.901960800285135
2024-11-14T17:25:34.722314,43.80663396340583
2024-11-14T17:25:44.758887,44.02794248640903
2024-11-14T17:25:54.988951,42.411478624116995
2024-11-14T17:26:05.230088,34.96376054012401
2024-11-14T17:26:15.291494,18.06179973983887
2024-11-14T17:26:25.728206,38.58837851428586
2024-11-14T17:26:36.048224,44.19030029085262
2024-11-14T17:26:46.290858,16.901960800285135
2024-11-14T17:26:56.538908,36.12359947967774
2024-11-14T17:27:06.772516,37.72981450344964
2024-11-14T17:27:17.003826,40.906459575733145
2024-11-14T17:27:27.231857,45.84512142712952
2024-11-14T17:27:37.469060,24.608978427565482
2024-11-14T17:27:47.507578,38.68996902487135
2024-11-14T17:27:57.749301,37.95254182580883
2024-11-14T17:28:07.839986,20.0
2024-11-14T17:28:18.020930,35.56302500767287
2024-11-14T17:28:28.261042,30.629578340845104
2024-11-14T17:28:38.298342,38.381561847521475
2024-11-14T17:28:48.535026,56.71381142984851
2024-11-14T17:28:58.774789,29.24795995797912
2024-11-14T17:29:08.813331,20.0
2024-11-14T17:29:19.052436,42.606675369900124
2024-11-14T17:29:29.292988,36.52149605401653
2024-11-14T17:29:39.328196,30.881360887005513
2024-11-14T17:29:49.570585,34.96376054012401
2024-11-14T17:29:59.809965,36.776981814745106
2024-11-14T17:30:10.061537,39.46255707199397
2024-11-14T17:30:20.304196,43.40523430789915
2024-11-14T17:30:30.337992,15.563025007672874
2024-11-14T17:30:40.574186,48.464917478736155
2024-11-14T17:30:50.816748,31.821292140529984
2024-11-14T17:31:01.061363,30.370278797557752
2024-11-14T17:31:11.296905,31.821292140529984
2024-11-14T17:31:21.329087,38.68996902487135
2024-11-14T17:31:31.571765,40.74852995881247
2024-11-14T17:31:41.604419,38.276277047674334
2024-11-14T17:31:51.641970,42.606675369900124
2024-11-14T17:32:01.667219,38.88965344300337
2024-11-14T17:32:11.743221,42.345425913115285
2024-11-14T17:32:21.956920,41.213956807072236
2024-11-14T17:32:32.198140,44.4021617608011
2024-11-14T17:32:42.439728,15.563025007672874
2024-11-14T17:32:52.679343,45.10545010206612
2024-11-14T17:33:02.935741,34.96376054012401
2024-11-14T17:33:13.187359,50.500896140736906
2024-11-14T17:33:23.397425,16.901960800285135
2024-11-14T17:33:33.445854,40.086427475652854
2024-11-14T17:33:43.674173,39.0848501887865
2024-11-14T17:33:53.914430,19.084850188786497
2024-11-14T17:34:04.127163,50.370278797557745
2024-11-14T17:34:14.215234,38.98780013289826
2024-11-14T17:34:24.454784,43.16724984190499
2024-11-14T17:34:34.695407,43.04576688766113
2024-11-14T17:34:44.937865,16.901960800285135
2024-11-14T17:34:54.991821,26.444385894678387
2024-11-14T17:35:05.209103,38.98780013289826
2024-11-14T17:35:15.641306,19.084850188786497
2024-11-14T17:35:25.673780,40.8278537031645
2024-11-14T17:35:35.956852,47.27223959784288
2024-11-14T17:35:46.157649,38.48558572123763
2024-11-14T17:35:56.195510,32.86905352972375
2024-11-14T17:36:06.432765,25.575072019056577
2024-11-14T17:36:16.673208,31.595671932336202
2024-11-14T17:36:26.711515,15.563025007672874
2024-11-14T17:36:36.779573,38.58837851428586
2024-11-14T17:36:47.007001,39.46255707199397
2024-11-14T17:36:57.043343,19.084850188786497
2024-11-14T17:37:07.280972,27.234556720351858
2024-11-14T17:37:17.523425,20.0
2024-11-14T17:37:27.764253,15.563025007672874
2024-11-14T17:37:38.002556,18.06179973983887
2024-11-14T17:37:48.245250,42.14419939295737
2024-11-14T17:37:58.482633,31.3640344813399
2024-11-14T17:38:08.720123,35.11749711344983
2024-11-14T17:38:18.746366,41.938200260161125
2024-11-14T17:38:28.956683,44.50618563451726
2024-11-14T17:38:39.025461,38.88965344300337
2024-11-14T17:38:49.076114,37.95254182580883
2024-11-14T17:38:59.149345,38.06179973983887
2024-11-14T17:39:09.387874,20.0
2024-11-14T17:39:19.443783,46.235077221115084
2024-11-14T17:39:29.661893,44.91025335628299
2024-11-14T17:39:39.897095,38.98780013289826
2024-11-14T17:39:49.961459,37.501225267834
2024-11-14T17:40:00.190497,39.3696589710787
2024-11-14T17:40:10.411718,44.29687696095396
2024-11-14T17:40:20.449019,33.624824747511745
2024-11-14T17:40:30.699489,43.69382861635197
2024-11-14T17:40:40.927640,33.25515663363148
2024-11-14T17:40:51.193104,42.07607441911914
2024-11-14T17:41:01.309941,43.57953894586339
2024-11-14T17:41:11.575737,41.437640146122504
2024-11-14T17:41:21.922772,37.025166974381506
2024-11-14T17:41:32.028150,42.606675369900124
2024-11-14T17:41:42.176691,43.28705711568874
2024-11-14T17:41:52.412958,42.14419939295737
2024-11-14T17:42:02.648843,41.51093922785061
2024-11-14T17:42:12.681096,15.563025007672874
2024-11-14T17:42:22.923590,31.3640344813399
2024-11-14T17:42:33.159476,20.0
2024-11-14T17:42:43.402159,19.084850188786497
2024-11-14T17:42:53.640509,20.0
2024-11-14T17:43:03.676313,31.595671932336202
2024-11-14T17:43:13.717952,15.563025007672874
2024-11-14T17:43:23.950136,22.92256071356476
2024-11-14T17:43:34.200933,23.521825181113623
2024-11-14T17:43:44.263281,38.169700377572994
2024-11-14T17:43:54.292732,20.0
2024-11-14T17:44:04.531684,40.17200343523835
2024-11-14T17:44:14.767401,35.417040232842886
2024-11-14T17:44:24.828602,41.938200260161125
2024-11-14T17:44:35.046116,43.52182518111363
2024-11-14T17:44:45.093260,41.72719661349497
2024-11-14T17:44:55.160322,42.67077816740435
2024-11-14T17:45:05.385934,42.14419939295737
2024-11-14T17:45:15.656059,36.90196080028514
2024-11-14T17:45:25.864782,37.384634394619525
2024-11-14T17:45:36.106301,47.712125471966246
2024-11-14T17:45:46.347168,16.901960800285135
2024-11-14T17:45:56.599242,40.0
2024-11-14T17:46:06.831356,40.8278537031645
2024-11-14T17:46:16.965847,38.169700377572994
2024-11-14T17:46:27.205154,42.606675369900124
2024-11-14T17:46:37.246273,44.02794248640903
2024-11-14T17:46:47.480074,19.084850188786497
2024-11-14T17:46:57.527658,32.25567713439471
2024-11-14T17:47:07.562337,43.40523430789915
2024-11-14T17:47:17.784866,42.07607441911914
2024-11-14T17:47:27.820510,29.827233876685455
2024-11-14T17:47:38.059931,36.12359947967774
2024-11-14T17:47:48.301342,18.06179973983887
2024-11-14T17:47:58.329704,37.266457202409114
2024-11-14T17:48:08.369196,40.17200343523835
2024-11-14T17:48:18.609532,32.86905352972375
2024-11-14T17:48:28.859060,29.54242509439325
2024-11-14T17:48:39.107003,45.201427759701495
2024-11-14T17:48:49.331792,39.912703891951
2024-11-14T17:49:00.491843,22.92256071356476
2024-11-14T17:49:11.982452,43.91799304818468
2024-11-14T17:49:22.021614,42.21179420598498
2024-11-14T17:49:32.054933,39.64542466079137
2024-11-14T17:49:42.094598,41.06156886966839
2024-11-14T17:49:52.334328,31.595671932336202
2024-11-14T17:50:02.369315,34.96376054012401
2024-11-14T17:50:12.405897,27.234556720351858
2024-11-14T17:50:22.644666,18.06179973983887
2024-11-14T17:50:32.698028,35.56302500767287
2024-11-14T17:50:42.920919,45.343434568060275
2024-11-14T17:50:53.159900,33.25515663363148
2024-11-14T17:51:03.204548,42.860296005081906
2024-11-14T17:51:13.418265,38.88965344300337
2024-11-14T17:51:23.656383,36.650178254124725
2024-11-14T17:51:33.700072,29.827233876685455
2024-11-14T17:51:43.949024,42.606675369900124
2024-11-14T17:51:54.007912,42.79758172802473
2024-11-14T17:52:04.207528,43.63687175889545
2024-11-14T17:52:14.447859,38.381561847521475
2024-11-14T17:52:24.497048,38.48558572123763
2024-11-14T17:52:34.523387,48.39911496979516
2024-11-14T17:52:44.556038,20.0
2024-11-14T17:52:54.591907,45.29635646019073
2024-11-14T17:53:04.827254,38.06179973983887
2024-11-14T17:53:14.872455,41.655707406329
2024-11-14T17:53:24.908405,44.243752088079155
2024-11-14T17:53:35.137404,32.86905352972375
2024-11-14T17:53:45.175722,27.234556720351858
2024-11-14T17:53:55.211707,22.92256071356476
2024-11-14T17:54:05.247418,36.650178254124725
2024-11-14T17:54:15.484524,27.95880017344075
2024-11-14T17:54:25.515132,35.70659670021534
2024-11-14T17:54:35.544731,38.169700377572994
2024-11-14T17:54:45.593085,42.606675369900124
2024-11-14T17:54:55.628949,43.75041441672926
2024-11-14T17:55:05.675195,40.086427475652854
2024-11-14T17:55:15.895332,44.19030029085262
2024-11-14T17:55:25.929709,19.084850188786497
2024-11-14T17:55:36.509367,39.912703891951
2024-11-14T17:55:46.546147,37.384634394619525
2024-11-14T17:55:56.581303,39.912703891951
2024-11-14T17:56:06.818169,44.608978427565475
2024-11-14T17:56:16.848051,41.437640146122504
2024-11-14T17:56:26.901495,39.3696589710787
2024-11-14T17:56:37.133931,34.96376054012401
2024-11-14T17:56:47.187355,16.901960800285135
2024-11-14T17:56:57.222305,42.07607441911914
2024-11-14T17:57:07.440165,47.494966920202074
2024-11-14T17:57:17.494764,38.58837851428586
2024-11-14T17:57:27.520961,45.977061528194135
2024-11-14T17:57:37.748778,41.79810222878796
2024-11-14T17:57:47.787787,12.04119982655925
2024-11-14T17:57:57.819540,36.39087871083737
2024-11-14T17:58:08.068729,45.52923608346488
2024-11-14T17:58:18.099380,39.46255707199397
2024-11-14T17:58:28.139350,26.848453616444125
2024-11-14T17:58:38.336255,41.138097026729454
2024-11-14T17:58:48.577489,20.0
2024-11-14T17:58:58.827434,28.943160626844385
2024-11-14T17:59:09.076552,41.06156886966839
2024-11-14T17:59:19.196285,45.84512142712952
2024-11-14T17:59:29.438674,37.266457202409114
2024-11-14T17:59:39.493930,38.58837851428586
2024-11-14T17:59:49.745579,32.04119982655925
2024-11-14T17:59:59.997705,44.4021617608011
2024-11-14T18:00:10.211770,43.04576688766113
2024-11-14T18:00:23.414449,9.542425094393248
2024-11-14T18:00:33.464014,40.587675553704194
2024-11-14T18:00:43.733154,18.06179973983887
2024-11-14T18:00:53.932960,45.711146180155474
2024-11-14T18:01:03.990572,43.40523430789915
2024-11-14T18:01:14.879965,41.437640146122504
2024-11-14T18:01:24.939894,33.25515663363148
2024-11-14T18:01:35.155194,39.46255707199397
2024-11-14T18:01:45.191315,28.943160626844385
2024-11-14T18:01:55.446594,37.266457202409114
2024-11-14T18:02:05.671653,45.00840004617788
2024-11-14T18:02:15.707795,20.0
2024-11-14T18:02:25.743650,41.138097026729454
2024-11-14T18:02:35.809805,40.256744494103444
2024-11-14T18:02:45.876354,39.3696589710787
2024-11-14T18:02:56.008197,42.79758172802473
2024-11-14T18:03:06.046111,24.608978427565482
2024-11-14T18:03:16.285751,24.082399653118497
2024-11-14T18:03:26.349121,16.901960800285135
2024-11-14T18:03:36.603820,27.234556720351858
2024-11-14T18:03:46.828092,38.58837851428586
2024-11-14T18:03:57.065718,30.881360887005513
2024-11-14T18:04:07.325207,15.563025007672874
2024-11-14T18:04:17.547915,44.95946532723613
2024-11-14T18:04:27.594941,44.454329422951666
2024-11-14T18:04:37.638966,40.74852995881247
2024-11-14T18:04:47.861168,38.58837851428586
2024-11-14T18:04:58.105202,38.79038505237237
2024-11-14T18:05:08.137817,30.881360887005513
2024-11-14T18:05:18.376583,43.04576688766113
2024-11-14T18:05:28.623937,35.11749711344983
2024-11-14T18:05:38.700039,41.79810222878796
2024-11-14T18:05:48.943968,42.07607441911914
2024-11-14T18:05:59.176062,43.40523430789915
2024-11-14T18:06:09.223729,38.06179973983887
2024-11-14T18:06:19.297874,45.483156985273595
2024-11-14T18:06:29.554069,38.06179973983887
2024-11-14T18:06:39.623915,45.84512142712952
2024-11-14T18:06:49.653943,39.912703891951
2024-11-14T18:06:59.684046,40.906459575733145
2024-11-14T18:07:09.721675,42.00741090235126
2024-11-14T18:07:19.764041,42.07607441911914
2024-11-14T18:07:29.830499,36.650178254124725
2024-11-14T18:07:39.866210,41.437640146122504
2024-11-14T18:07:49.892762,40.256744494103444
2024-11-14T18:07:59.917788,38.68996902487135
2024-11-14T18:08:09.946045,38.98780013289826
2024-11-14T18:08:20.130838,40.0
2024-11-14T18:08:30.169659,29.827233876685455
2024-11-14T18:08:40.228056,29.827233876685455
2024-11-14T18:08:50.264011,40.086427475652854
2024-11-14T18:09:00.320692,44.659922207843074
2024-11-14T18:09:10.355061,44.19030029085262
2024-11-14T18:09:20.403683,42.9843822531076
2024-11-14T18:09:30.431460,38.169700377572994
2024-11-14T18:09:40.486335,40.086427475652854
2024-11-14T18:09:50.531484,33.979400086720375
2024-11-14T18:10:00.574577,37.384634394619525
2024-11-14T18:10:10.829115,37.025166974381506
2024-11-14T18:10:20.862315,39.0848501887865
2024-11-14T18:10:31.039733,42.14419939295737
2024-11-14T18:10:41.074797,31.595671932336202
2024-11-14T18:10:51.128920,41.138097026729454
2024-11-14T18:11:01.344974,36.52149605401653
2024-11-14T18:11:11.385693,41.138097026729454
2024-11-14T18:11:21.470291,33.441957158714345
2024-11-14T18:11:31.683518,51.61849951351239
2024-11-14T18:11:41.726775,43.28705711568874
2024-11-14T18:11:51.763304,37.72981450344964
2024-11-14T18:12:01.969505,40.98436045340363
2024-11-14T18:12:12.222966,42.606675369900124
2024-11-14T18:12:22.459858,16.901960800285135
2024-11-14T18:12:32.497925,47.712125471966246
2024-11-14T18:12:42.737124,36.650178254124725
2024-11-14T18:12:52.995559,19.084850188786497
2024-11-14T18:13:03.260674,45.711146180155474
2024-11-14T18:13:13.456719,48.5302252272915
2024-11-14T18:13:23.503090,38.169700377572994
2024-11-14T18:13:33.562269,40.587675553704194
2024-11-14T18:13:43.621009,40.17200343523835
2024-11-14T18:13:53.852173,48.5302252272915
2024-11-14T18:14:04.076944,45.05706061959786
2024-11-14T18:14:14.322697,36.90196080028514
2024-11-14T18:14:25.594030,18.06179973983887
2024-11-14T18:14:38.379065,41.655707406329
2024-11-14T18:14:48.408513,37.266457202409114
2024-11-14T18:14:58.462377,45.29635646019073
2024-11-14T18:15:08.879064,36.52149605401653
2024-11-14T18:15:19.055660,43.57953894586339
2024-11-14T18:15:29.091355,36.90196080028514
2024-11-14T18:15:39.130304,29.24795995797912
2024-11-14T18:15:49.177089,41.213956807072236
2024-11-14T18:15:59.235777,41.437640146122504
2024-11-14T18:16:09.278815,37.61627184561583
2024-11-14T18:16:19.310607,39.7354346853249
2024-11-14T18:16:29.335757,43.63687175889545
2024-11-14T18:16:39.374189,42.477032819341716
2024-11-14T18:16:49.420346,38.68996902487135
2024-11-14T18:16:59.463209,40.587675553704194
2024-11-14T18:17:09.500256,38.79038505237237
2024-11-14T18:17:19.533947,43.63687175889545
2024-11-14T18:17:29.559019,40.8278537031645
2024-11-14T18:17:39.604096,39.824521513849895
2024-11-14T18:17:49.663424,41.138097026729454
2024-11-14T18:17:59.902664,16.901960800285135
2024-11-14T18:18:09.939199,41.213956807072236
2024-11-14T18:18:19.997331,40.587675553704194
2024-11-14T18:18:30.099592,39.64542466079137
2024-11-14T18:18:40.138239,36.12359947967774
2024-11-14T18:18:50.232535,32.66936911159173
2024-11-14T18:19:00.281336,45.00840004617788
2024-11-14T18:19:10.466905,46.64876919831211
2024-11-14T18:19:20.504381,42.14419939295737
2024-11-14T18:19:30.539219,19.084850188786497
2024-11-14T18:19:40.587549,37.384634394619525
2024-11-14T18:19:50.611799,44.02794248640903
2024-11-14T18:20:00.647157,42.345425913115285
2024-11-14T18:20:10.676061,38.58837851428586
2024-11-14T18:20:20.719526,37.95254182580883
2024-11-14T18:20:30.933015,37.501225267834
2024-11-14T18:20:40.967631,42.07607441911914
2024-11-14T18:20:51.004611,37.266457202409114
2024-11-14T18:21:01.030627,37.266457202409114
2024-11-14T18:21:11.055245,42.07607441911914
2024-11-14T18:21:21.082491,22.278867046136735
2024-11-14T18:21:31.266642,41.655707406329
2024-11-14T18:21:41.299093,25.575072019056577
2024-11-14T18:21:51.334398,38.381561847521475
2024-11-14T18:22:01.379547,39.824521513849895
2024-11-14T18:22:11.410821,31.821292140529984
2024-11-14T18:22:21.439195,35.84783378996508
2024-11-14T18:22:31.684833,37.501225267834
2024-11-14T18:22:41.723132,22.92256071356476
2024-11-14T18:22:51.766047,15.563025007672874
2024-11-14T18:23:02.000161,27.234556720351858
2024-11-14T18:23:12.051063,27.234556720351858
2024-11-14T18:23:22.099876,38.169700377572994
2024-11-14T18:23:32.325043,38.381561847521475
2024-11-14T18:23:42.358801,39.3696589710787
2024-11-14T18:23:52.417885,36.776981814745106
2024-11-14T18:24:02.475847,35.268559871258745
2024-11-14T18:24:12.542154,30.881360887005513
2024-11-14T18:24:22.572595,41.28915978453837
2024-11-14T18:24:32.633438,33.624824747511745
2024-11-14T18:24:42.672231,38.98780013289826
2024-11-14T18:24:52.717855,40.8278537031645
2024-11-14T18:25:02.792423,44.71056893815098
2024-11-14T18:25:12.837342,20.0
2024-11-14T18:25:22.875039,47.53153914113024
2024-11-14T18:25:32.919558,38.98780013289826
2024-11-14T18:25:42.947530,44.91025335628299
2024-11-14T18:25:53.201363,44.91025335628299
2024-11-14T18:26:03.242165,40.8278537031645
2024-11-14T18:26:13.300025,38.381561847521475
2024-11-14T18:26:23.341648,39.912703891951
2024-11-14T18:26:33.375217,38.58837851428586
2024-11-14T18:26:43.452066,40.8278537031645
2024-11-14T18:26:53.689383,25.105450102066122
2024-11-14T18:27:03.759077,37.146649928625365
2024-11-14T18:27:13.804245,45.977061528194135
2024-11-14T18:27:23.850414,40.8278537031645
2024-11-14T18:27:33.887313,39.46255707199397
2024-11-14T18:27:43.914391,41.72719661349497
2024-11-14T18:27:53.953310,41.437640146122504
2024-11-14T18:28:03.982825,40.8278537031645
2024-11-14T18:28:14.011860,38.169700377572994
2024-11-14T18:28:24.062687,37.72981450344964
2024-11-14T18:28:34.095184,47.712125471966246
2024-11-14T18:28:44.119862,38.88965344300337
2024-11-14T18:28:54.718991,46.92705948901277
2024-11-14T18:29:04.751435,43.28705711568874
2024-11-14T18:29:14.812810,38.169700377572994
2024-11-14T18:29:25.035143,40.587675553704194
2024-11-14T18:29:35.275018,19.084850188786497
2024-11-14T18:29:45.314282,16.901960800285135
2024-11-14T18:29:55.566881,35.56302500767287
2024-11-14T18:30:05.606589,43.34634669496352
2024-11-14T18:30:15.826421,42.73441134312814
2024-11-14T18:30:25.861756,33.25515663363148
